query,state
"dairy farms in Ain, Auvergne-Rhône-Alpes",Auvergne-Rhône-Alpes
"dairy farms in Allier, Auvergne-Rhône-Alpes",Auvergne-Rhône-Alpes
"dairy farms in Ardèche, Auvergne-Rhône-Alpes",Auvergne-Rhône-Alpes
"dairy farms in Cantal, Auvergne-Rhône-Alpes",Auvergne-Rhône-Alpes
"dairy farms in Drôme, Auvergne-Rhône-Alpes",Auvergne-Rhône-Alpes
"dairy farms in Haute-Loire, Auvergne-Rhône-Alpes",Auvergne-Rhône-Alpes
"dairy farms in Haute-Savoie, Auvergne-Rhône-Alpes",Auvergne-Rhône-Alpes
"dairy farms in Isère, Auvergne-Rhône-Alpes",Auvergne-Rhône-Alpes
"dairy farms in Loire, Auvergne-Rhône-Alpes",Auvergne-Rhône-Alpes
"dairy farms in Puy-de-Dôme, Auvergne-Rhône-Alpes",Auvergne-Rhône-Alpes
"dairy farms in Rhône, Auvergne-Rhône-Alpes",Auvergne-Rhône-Alpes
"dairy farms in Savoie, Auvergne-Rhône-Alpes",Auvergne-Rhône-Alpes
"poultry farms in Ain, Auvergne-Rhône-Alpes",Auvergne-Rhône-Alpes
"poultry farms in Allier, Auvergne-Rhône-Alpes",Auvergne-Rhône-Alpes
"poultry farms in Ardèche, Auvergne-Rhône-Alpes",Auvergne-Rhône-Alpes
"poultry farms in Cantal, Auvergne-Rhône-Alpes",Auvergne-Rhône-Alpes
"poultry farms in Drôme, Auvergne-Rhône-Alpes",Auvergne-Rhône-Alpes
"poultry farms in Haute-Loire, Auvergne-Rhône-Alpes",Auvergne-Rhône-Alpes
"poultry farms in Haute-Savoie, Auvergne-Rhône-Alpes",Auvergne-Rhône-Alpes
"poultry farms in Isère, Auvergne-Rhône-Alpes",Auvergne-Rhône-Alpes
"poultry farms in Loire, Auvergne-Rhône-Alpes",Auvergne-Rhône-Alpes
"poultry farms in Puy-de-Dôme, Auvergne-Rhône-Alpes",Auvergne-Rhône-Alpes
"poultry farms in Rhône, Auvergne-Rhône-Alpes",Auvergne-Rhône-Alpes
"poultry farms in Savoie, Auvergne-Rhône-Alpes",Auvergne-Rhône-Alpes
"cattle farms in Ain, Auvergne-Rhône-Alpes",Auvergne-Rhône-Alpes
"cattle farms in Allier, Auvergne-Rhône-Alpes",Auvergne-Rhône-Alpes
"cattle farms in Ardèche, Auvergne-Rhône-Alpes",Auvergne-Rhône-Alpes
"cattle farms in Cantal, Auvergne-Rhône-Alpes",Auvergne-Rhône-Alpes
"cattle farms in Drôme, Auvergne-Rhône-Alpes",Auvergne-Rhône-Alpes
"cattle farms in Haute-Loire, Auvergne-Rhône-Alpes",Auvergne-Rhône-Alpes
"cattle farms in Haute-Savoie, Auvergne-Rhône-Alpes",Auvergne-Rhône-Alpes
"cattle farms in Isère, Auvergne-Rhône-Alpes",Auvergne-Rhône-Alpes
"cattle farms in Loire, Auvergne-Rhône-Alpes",Auvergne-Rhône-Alpes
"cattle farms in Puy-de-Dôme, Auvergne-Rhône-Alpes",Auvergne-Rhône-Alpes
"cattle farms in Rhône, Auvergne-Rhône-Alpes",Auvergne-Rhône-Alpes
"cattle farms in Savoie, Auvergne-Rhône-Alpes",Auvergne-Rhône-Alpes
"livestock farms in Ain, Auvergne-Rhône-Alpes",Auvergne-Rhône-Alpes
"livestock farms in Allier, Auvergne-Rhône-Alpes",Auvergne-Rhône-Alpes
"livestock farms in Ardèche, Auvergne-Rhône-Alpes",Auvergne-Rhône-Alpes
"livestock farms in Cantal, Auvergne-Rhône-Alpes",Auvergne-Rhône-Alpes
"livestock farms in Drôme, Auvergne-Rhône-Alpes",Auvergne-Rhône-Alpes
"livestock farms in Haute-Loire, Auvergne-Rhône-Alpes",Auvergne-Rhône-Alpes
"livestock farms in Haute-Savoie, Auvergne-Rhône-Alpes",Auvergne-Rhône-Alpes
"livestock farms in Isère, Auvergne-Rhône-Alpes",Auvergne-Rhône-Alpes
"livestock farms in Loire, Auvergne-Rhône-Alpes",Auvergne-Rhône-Alpes
"livestock farms in Puy-de-Dôme, Auvergne-Rhône-Alpes",Auvergne-Rhône-Alpes
"livestock farms in Rhône, Auvergne-Rhône-Alpes",Auvergne-Rhône-Alpes
"livestock farms in Savoie, Auvergne-Rhône-Alpes",Auvergne-Rhône-Alpes
"pig farms in Ain, Auvergne-Rhône-Alpes",Auvergne-Rhône-Alpes
"pig farms in Allier, Auvergne-Rhône-Alpes",Auvergne-Rhône-Alpes
"pig farms in Ardèche, Auvergne-Rhône-Alpes",Auvergne-Rhône-Alpes
"pig farms in Cantal, Auvergne-Rhône-Alpes",Auvergne-Rhône-Alpes
"pig farms in Drôme, Auvergne-Rhône-Alpes",Auvergne-Rhône-Alpes
"pig farms in Haute-Loire, Auvergne-Rhône-Alpes",Auvergne-Rhône-Alpes
"pig farms in Haute-Savoie, Auvergne-Rhône-Alpes",Auvergne-Rhône-Alpes
"pig farms in Isère, Auvergne-Rhône-Alpes",Auvergne-Rhône-Alpes
"pig farms in Loire, Auvergne-Rhône-Alpes",Auvergne-Rhône-Alpes
"pig farms in Puy-de-Dôme, Auvergne-Rhône-Alpes",Auvergne-Rhône-Alpes
"pig farms in Rhône, Auvergne-Rhône-Alpes",Auvergne-Rhône-Alpes
"pig farms in Savoie, Auvergne-Rhône-Alpes",Auvergne-Rhône-Alpes
"fish farms in Ain, Auvergne-Rhône-Alpes",Auvergne-Rhône-Alpes
"fish farms in Allier, Auvergne-Rhône-Alpes",Auvergne-Rhône-Alpes
"fish farms in Ardèche, Auvergne-Rhône-Alpes",Auvergne-Rhône-Alpes
"fish farms in Cantal, Auvergne-Rhône-Alpes",Auvergne-Rhône-Alpes
"fish farms in Drôme, Auvergne-Rhône-Alpes",Auvergne-Rhône-Alpes
"fish farms in Haute-Loire, Auvergne-Rhône-Alpes",Auvergne-Rhône-Alpes
"fish farms in Haute-Savoie, Auvergne-Rhône-Alpes",Auvergne-Rhône-Alpes
"fish farms in Isère, Auvergne-Rhône-Alpes",Auvergne-Rhône-Alpes
"fish farms in Loire, Auvergne-Rhône-Alpes",Auvergne-Rhône-Alpes
"fish farms in Puy-de-Dôme, Auvergne-Rhône-Alpes",Auvergne-Rhône-Alpes
"fish farms in Rhône, Auvergne-Rhône-Alpes",Auvergne-Rhône-Alpes
"fish farms in Savoie, Auvergne-Rhône-Alpes",Auvergne-Rhône-Alpes
"aquaculture farms in Ain, Auvergne-Rhône-Alpes",Auvergne-Rhône-Alpes
"aquaculture farms in Allier, Auvergne-Rhône-Alpes",Auvergne-Rhône-Alpes
"aquaculture farms in Ardèche, Auvergne-Rhône-Alpes",Auvergne-Rhône-Alpes
"aquaculture farms in Cantal, Auvergne-Rhône-Alpes",Auvergne-Rhône-Alpes
"aquaculture farms in Drôme, Auvergne-Rhône-Alpes",Auvergne-Rhône-Alpes
"aquaculture farms in Haute-Loire, Auvergne-Rhône-Alpes",Auvergne-Rhône-Alpes
"aquaculture farms in Haute-Savoie, Auvergne-Rhône-Alpes",Auvergne-Rhône-Alpes
"aquaculture farms in Isère, Auvergne-Rhône-Alpes",Auvergne-Rhône-Alpes
"aquaculture farms in Loire, Auvergne-Rhône-Alpes",Auvergne-Rhône-Alpes
"aquaculture farms in Puy-de-Dôme, Auvergne-Rhône-Alpes",Auvergne-Rhône-Alpes
"aquaculture farms in Rhône, Auvergne-Rhône-Alpes",Auvergne-Rhône-Alpes
"aquaculture farms in Savoie, Auvergne-Rhône-Alpes",Auvergne-Rhône-Alpes
"egg farmers in Ain, Auvergne-Rhône-Alpes",Auvergne-Rhône-Alpes
"egg farmers in Allier, Auvergne-Rhône-Alpes",Auvergne-Rhône-Alpes
"egg farmers in Ardèche, Auvergne-Rhône-Alpes",Auvergne-Rhône-Alpes
"egg farmers in Cantal, Auvergne-Rhône-Alpes",Auvergne-Rhône-Alpes
"egg farmers in Drôme, Auvergne-Rhône-Alpes",Auvergne-Rhône-Alpes
"egg farmers in Haute-Loire, Auvergne-Rhône-Alpes",Auvergne-Rhône-Alpes
"egg farmers in Haute-Savoie, Auvergne-Rhône-Alpes",Auvergne-Rhône-Alpes
"egg farmers in Isère, Auvergne-Rhône-Alpes",Auvergne-Rhône-Alpes
"egg farmers in Loire, Auvergne-Rhône-Alpes",Auvergne-Rhône-Alpes
"egg farmers in Puy-de-Dôme, Auvergne-Rhône-Alpes",Auvergne-Rhône-Alpes
"egg farmers in Rhône, Auvergne-Rhône-Alpes",Auvergne-Rhône-Alpes
"egg farmers in Savoie, Auvergne-Rhône-Alpes",Auvergne-Rhône-Alpes
"chicken hatchery in Ain, Auvergne-Rhône-Alpes",Auvergne-Rhône-Alpes
"chicken hatchery in Allier, Auvergne-Rhône-Alpes",Auvergne-Rhône-Alpes
"chicken hatchery in Ardèche, Auvergne-Rhône-Alpes",Auvergne-Rhône-Alpes
"chicken hatchery in Cantal, Auvergne-Rhône-Alpes",Auvergne-Rhône-Alpes
"chicken hatchery in Drôme, Auvergne-Rhône-Alpes",Auvergne-Rhône-Alpes
"chicken hatchery in Haute-Loire, Auvergne-Rhône-Alpes",Auvergne-Rhône-Alpes
"chicken hatchery in Haute-Savoie, Auvergne-Rhône-Alpes",Auvergne-Rhône-Alpes
"chicken hatchery in Isère, Auvergne-Rhône-Alpes",Auvergne-Rhône-Alpes
"chicken hatchery in Loire, Auvergne-Rhône-Alpes",Auvergne-Rhône-Alpes
"chicken hatchery in Puy-de-Dôme, Auvergne-Rhône-Alpes",Auvergne-Rhône-Alpes
"chicken hatchery in Rhône, Auvergne-Rhône-Alpes",Auvergne-Rhône-Alpes
"chicken hatchery in Savoie, Auvergne-Rhône-Alpes",Auvergne-Rhône-Alpes
"shrimp farms in Ain, Auvergne-Rhône-Alpes",Auvergne-Rhône-Alpes
"shrimp farms in Allier, Auvergne-Rhône-Alpes",Auvergne-Rhône-Alpes
"shrimp farms in Ardèche, Auvergne-Rhône-Alpes",Auvergne-Rhône-Alpes
"shrimp farms in Cantal, Auvergne-Rhône-Alpes",Auvergne-Rhône-Alpes
"shrimp farms in Drôme, Auvergne-Rhône-Alpes",Auvergne-Rhône-Alpes
"shrimp farms in Haute-Loire, Auvergne-Rhône-Alpes",Auvergne-Rhône-Alpes
"shrimp farms in Haute-Savoie, Auvergne-Rhône-Alpes",Auvergne-Rhône-Alpes
"shrimp farms in Isère, Auvergne-Rhône-Alpes",Auvergne-Rhône-Alpes
"shrimp farms in Loire, Auvergne-Rhône-Alpes",Auvergne-Rhône-Alpes
"shrimp farms in Puy-de-Dôme, Auvergne-Rhône-Alpes",Auvergne-Rhône-Alpes
"shrimp farms in Rhône, Auvergne-Rhône-Alpes",Auvergne-Rhône-Alpes
"shrimp farms in Savoie, Auvergne-Rhône-Alpes",Auvergne-Rhône-Alpes
"seafood farms in Ain, Auvergne-Rhône-Alpes",Auvergne-Rhône-Alpes
"seafood farms in Allier, Auvergne-Rhône-Alpes",Auvergne-Rhône-Alpes
"seafood farms in Ardèche, Auvergne-Rhône-Alpes",Auvergne-Rhône-Alpes
"seafood farms in Cantal, Auvergne-Rhône-Alpes",Auvergne-Rhône-Alpes
"seafood farms in Drôme, Auvergne-Rhône-Alpes",Auvergne-Rhône-Alpes
"seafood farms in Haute-Loire, Auvergne-Rhône-Alpes",Auvergne-Rhône-Alpes
"seafood farms in Haute-Savoie, Auvergne-Rhône-Alpes",Auvergne-Rhône-Alpes
"seafood farms in Isère, Auvergne-Rhône-Alpes",Auvergne-Rhône-Alpes
"seafood farms in Loire, Auvergne-Rhône-Alpes",Auvergne-Rhône-Alpes
"seafood farms in Puy-de-Dôme, Auvergne-Rhône-Alpes",Auvergne-Rhône-Alpes
"seafood farms in Rhône, Auvergne-Rhône-Alpes",Auvergne-Rhône-Alpes
"seafood farms in Savoie, Auvergne-Rhône-Alpes",Auvergne-Rhône-Alpes
"beef farms in Ain, Auvergne-Rhône-Alpes",Auvergne-Rhône-Alpes
"beef farms in Allier, Auvergne-Rhône-Alpes",Auvergne-Rhône-Alpes
"beef farms in Ardèche, Auvergne-Rhône-Alpes",Auvergne-Rhône-Alpes
"beef farms in Cantal, Auvergne-Rhône-Alpes",Auvergne-Rhône-Alpes
"beef farms in Drôme, Auvergne-Rhône-Alpes",Auvergne-Rhône-Alpes
"beef farms in Haute-Loire, Auvergne-Rhône-Alpes",Auvergne-Rhône-Alpes
"beef farms in Haute-Savoie, Auvergne-Rhône-Alpes",Auvergne-Rhône-Alpes
"beef farms in Isère, Auvergne-Rhône-Alpes",Auvergne-Rhône-Alpes
"beef farms in Loire, Auvergne-Rhône-Alpes",Auvergne-Rhône-Alpes
"beef farms in Puy-de-Dôme, Auvergne-Rhône-Alpes",Auvergne-Rhône-Alpes
"beef farms in Rhône, Auvergne-Rhône-Alpes",Auvergne-Rhône-Alpes
"beef farms in Savoie, Auvergne-Rhône-Alpes",Auvergne-Rhône-Alpes
"meat producer in Ain, Auvergne-Rhône-Alpes",Auvergne-Rhône-Alpes
"meat producer in Allier, Auvergne-Rhône-Alpes",Auvergne-Rhône-Alpes
"meat producer in Ardèche, Auvergne-Rhône-Alpes",Auvergne-Rhône-Alpes
"meat producer in Cantal, Auvergne-Rhône-Alpes",Auvergne-Rhône-Alpes
"meat producer in Drôme, Auvergne-Rhône-Alpes",Auvergne-Rhône-Alpes
"meat producer in Haute-Loire, Auvergne-Rhône-Alpes",Auvergne-Rhône-Alpes
"meat producer in Haute-Savoie, Auvergne-Rhône-Alpes",Auvergne-Rhône-Alpes
"meat producer in Isère, Auvergne-Rhône-Alpes",Auvergne-Rhône-Alpes
"meat producer in Loire, Auvergne-Rhône-Alpes",Auvergne-Rhône-Alpes
"meat producer in Puy-de-Dôme, Auvergne-Rhône-Alpes",Auvergne-Rhône-Alpes
"meat producer in Rhône, Auvergne-Rhône-Alpes",Auvergne-Rhône-Alpes
"meat producer in Savoie, Auvergne-Rhône-Alpes",Auvergne-Rhône-Alpes
"dairy farms in Côte-d'Or, Bourgogne-Franche-Comté",Bourgogne-Franche-Comté
"dairy farms in Doubs, Bourgogne-Franche-Comté",Bourgogne-Franche-Comté
"dairy farms in Haute-Saône, Bourgogne-Franche-Comté",Bourgogne-Franche-Comté
"dairy farms in Jura, Bourgogne-Franche-Comté",Bourgogne-Franche-Comté
"dairy farms in Nièvre, Bourgogne-Franche-Comté",Bourgogne-Franche-Comté
"dairy farms in Saône-et-Loire, Bourgogne-Franche-Comté",Bourgogne-Franche-Comté
"dairy farms in Territoire de Belfort, Bourgogne-Franche-Comté",Bourgogne-Franche-Comté
"dairy farms in Yonne, Bourgogne-Franche-Comté",Bourgogne-Franche-Comté
"poultry farms in Côte-d'Or, Bourgogne-Franche-Comté",Bourgogne-Franche-Comté
"poultry farms in Doubs, Bourgogne-Franche-Comté",Bourgogne-Franche-Comté
"poultry farms in Haute-Saône, Bourgogne-Franche-Comté",Bourgogne-Franche-Comté
"poultry farms in Jura, Bourgogne-Franche-Comté",Bourgogne-Franche-Comté
"poultry farms in Nièvre, Bourgogne-Franche-Comté",Bourgogne-Franche-Comté
"poultry farms in Saône-et-Loire, Bourgogne-Franche-Comté",Bourgogne-Franche-Comté
"poultry farms in Territoire de Belfort, Bourgogne-Franche-Comté",Bourgogne-Franche-Comté
"poultry farms in Yonne, Bourgogne-Franche-Comté",Bourgogne-Franche-Comté
"cattle farms in Côte-d'Or, Bourgogne-Franche-Comté",Bourgogne-Franche-Comté
"cattle farms in Doubs, Bourgogne-Franche-Comté",Bourgogne-Franche-Comté
"cattle farms in Haute-Saône, Bourgogne-Franche-Comté",Bourgogne-Franche-Comté
"cattle farms in Jura, Bourgogne-Franche-Comté",Bourgogne-Franche-Comté
"cattle farms in Nièvre, Bourgogne-Franche-Comté",Bourgogne-Franche-Comté
"cattle farms in Saône-et-Loire, Bourgogne-Franche-Comté",Bourgogne-Franche-Comté
"cattle farms in Territoire de Belfort, Bourgogne-Franche-Comté",Bourgogne-Franche-Comté
"cattle farms in Yonne, Bourgogne-Franche-Comté",Bourgogne-Franche-Comté
"livestock farms in Côte-d'Or, Bourgogne-Franche-Comté",Bourgogne-Franche-Comté
"livestock farms in Doubs, Bourgogne-Franche-Comté",Bourgogne-Franche-Comté
"livestock farms in Haute-Saône, Bourgogne-Franche-Comté",Bourgogne-Franche-Comté
"livestock farms in Jura, Bourgogne-Franche-Comté",Bourgogne-Franche-Comté
"livestock farms in Nièvre, Bourgogne-Franche-Comté",Bourgogne-Franche-Comté
"livestock farms in Saône-et-Loire, Bourgogne-Franche-Comté",Bourgogne-Franche-Comté
"livestock farms in Territoire de Belfort, Bourgogne-Franche-Comté",Bourgogne-Franche-Comté
"livestock farms in Yonne, Bourgogne-Franche-Comté",Bourgogne-Franche-Comté
"pig farms in Côte-d'Or, Bourgogne-Franche-Comté",Bourgogne-Franche-Comté
"pig farms in Doubs, Bourgogne-Franche-Comté",Bourgogne-Franche-Comté
"pig farms in Haute-Saône, Bourgogne-Franche-Comté",Bourgogne-Franche-Comté
"pig farms in Jura, Bourgogne-Franche-Comté",Bourgogne-Franche-Comté
"pig farms in Nièvre, Bourgogne-Franche-Comté",Bourgogne-Franche-Comté
"pig farms in Saône-et-Loire, Bourgogne-Franche-Comté",Bourgogne-Franche-Comté
"pig farms in Territoire de Belfort, Bourgogne-Franche-Comté",Bourgogne-Franche-Comté
"pig farms in Yonne, Bourgogne-Franche-Comté",Bourgogne-Franche-Comté
"fish farms in Côte-d'Or, Bourgogne-Franche-Comté",Bourgogne-Franche-Comté
"fish farms in Doubs, Bourgogne-Franche-Comté",Bourgogne-Franche-Comté
"fish farms in Haute-Saône, Bourgogne-Franche-Comté",Bourgogne-Franche-Comté
"fish farms in Jura, Bourgogne-Franche-Comté",Bourgogne-Franche-Comté
"fish farms in Nièvre, Bourgogne-Franche-Comté",Bourgogne-Franche-Comté
"fish farms in Saône-et-Loire, Bourgogne-Franche-Comté",Bourgogne-Franche-Comté
"fish farms in Territoire de Belfort, Bourgogne-Franche-Comté",Bourgogne-Franche-Comté
"fish farms in Yonne, Bourgogne-Franche-Comté",Bourgogne-Franche-Comté
"aquaculture farms in Côte-d'Or, Bourgogne-Franche-Comté",Bourgogne-Franche-Comté
"aquaculture farms in Doubs, Bourgogne-Franche-Comté",Bourgogne-Franche-Comté
"aquaculture farms in Haute-Saône, Bourgogne-Franche-Comté",Bourgogne-Franche-Comté
"aquaculture farms in Jura, Bourgogne-Franche-Comté",Bourgogne-Franche-Comté
"aquaculture farms in Nièvre, Bourgogne-Franche-Comté",Bourgogne-Franche-Comté
"aquaculture farms in Saône-et-Loire, Bourgogne-Franche-Comté",Bourgogne-Franche-Comté
"aquaculture farms in Territoire de Belfort, Bourgogne-Franche-Comté",Bourgogne-Franche-Comté
"aquaculture farms in Yonne, Bourgogne-Franche-Comté",Bourgogne-Franche-Comté
"egg farmers in Côte-d'Or, Bourgogne-Franche-Comté",Bourgogne-Franche-Comté
"egg farmers in Doubs, Bourgogne-Franche-Comté",Bourgogne-Franche-Comté
"egg farmers in Haute-Saône, Bourgogne-Franche-Comté",Bourgogne-Franche-Comté
"egg farmers in Jura, Bourgogne-Franche-Comté",Bourgogne-Franche-Comté
"egg farmers in Nièvre, Bourgogne-Franche-Comté",Bourgogne-Franche-Comté
"egg farmers in Saône-et-Loire, Bourgogne-Franche-Comté",Bourgogne-Franche-Comté
"egg farmers in Territoire de Belfort, Bourgogne-Franche-Comté",Bourgogne-Franche-Comté
"egg farmers in Yonne, Bourgogne-Franche-Comté",Bourgogne-Franche-Comté
"chicken hatchery in Côte-d'Or, Bourgogne-Franche-Comté",Bourgogne-Franche-Comté
"chicken hatchery in Doubs, Bourgogne-Franche-Comté",Bourgogne-Franche-Comté
"chicken hatchery in Haute-Saône, Bourgogne-Franche-Comté",Bourgogne-Franche-Comté
"chicken hatchery in Jura, Bourgogne-Franche-Comté",Bourgogne-Franche-Comté
"chicken hatchery in Nièvre, Bourgogne-Franche-Comté",Bourgogne-Franche-Comté
"chicken hatchery in Saône-et-Loire, Bourgogne-Franche-Comté",Bourgogne-Franche-Comté
"chicken hatchery in Territoire de Belfort, Bourgogne-Franche-Comté",Bourgogne-Franche-Comté
"chicken hatchery in Yonne, Bourgogne-Franche-Comté",Bourgogne-Franche-Comté
"shrimp farms in Côte-d'Or, Bourgogne-Franche-Comté",Bourgogne-Franche-Comté
"shrimp farms in Doubs, Bourgogne-Franche-Comté",Bourgogne-Franche-Comté
"shrimp farms in Haute-Saône, Bourgogne-Franche-Comté",Bourgogne-Franche-Comté
"shrimp farms in Jura, Bourgogne-Franche-Comté",Bourgogne-Franche-Comté
"shrimp farms in Nièvre, Bourgogne-Franche-Comté",Bourgogne-Franche-Comté
"shrimp farms in Saône-et-Loire, Bourgogne-Franche-Comté",Bourgogne-Franche-Comté
"shrimp farms in Territoire de Belfort, Bourgogne-Franche-Comté",Bourgogne-Franche-Comté
"shrimp farms in Yonne, Bourgogne-Franche-Comté",Bourgogne-Franche-Comté
"seafood farms in Côte-d'Or, Bourgogne-Franche-Comté",Bourgogne-Franche-Comté
"seafood farms in Doubs, Bourgogne-Franche-Comté",Bourgogne-Franche-Comté
"seafood farms in Haute-Saône, Bourgogne-Franche-Comté",Bourgogne-Franche-Comté
"seafood farms in Jura, Bourgogne-Franche-Comté",Bourgogne-Franche-Comté
"seafood farms in Nièvre, Bourgogne-Franche-Comté",Bourgogne-Franche-Comté
"seafood farms in Saône-et-Loire, Bourgogne-Franche-Comté",Bourgogne-Franche-Comté
"seafood farms in Territoire de Belfort, Bourgogne-Franche-Comté",Bourgogne-Franche-Comté
"seafood farms in Yonne, Bourgogne-Franche-Comté",Bourgogne-Franche-Comté
"beef farms in Côte-d'Or, Bourgogne-Franche-Comté",Bourgogne-Franche-Comté
"beef farms in Doubs, Bourgogne-Franche-Comté",Bourgogne-Franche-Comté
"beef farms in Haute-Saône, Bourgogne-Franche-Comté",Bourgogne-Franche-Comté
"beef farms in Jura, Bourgogne-Franche-Comté",Bourgogne-Franche-Comté
"beef farms in Nièvre, Bourgogne-Franche-Comté",Bourgogne-Franche-Comté
"beef farms in Saône-et-Loire, Bourgogne-Franche-Comté",Bourgogne-Franche-Comté
"beef farms in Territoire de Belfort, Bourgogne-Franche-Comté",Bourgogne-Franche-Comté
"beef farms in Yonne, Bourgogne-Franche-Comté",Bourgogne-Franche-Comté
"meat producer in Côte-d'Or, Bourgogne-Franche-Comté",Bourgogne-Franche-Comté
"meat producer in Doubs, Bourgogne-Franche-Comté",Bourgogne-Franche-Comté
"meat producer in Haute-Saône, Bourgogne-Franche-Comté",Bourgogne-Franche-Comté
"meat producer in Jura, Bourgogne-Franche-Comté",Bourgogne-Franche-Comté
"meat producer in Nièvre, Bourgogne-Franche-Comté",Bourgogne-Franche-Comté
"meat producer in Saône-et-Loire, Bourgogne-Franche-Comté",Bourgogne-Franche-Comté
"meat producer in Territoire de Belfort, Bourgogne-Franche-Comté",Bourgogne-Franche-Comté
"meat producer in Yonne, Bourgogne-Franche-Comté",Bourgogne-Franche-Comté
"dairy farms in Côtes-d'Armor, Bretagne",Bretagne
"dairy farms in Finistère, Bretagne",Bretagne
"dairy farms in Ille-et-Vilaine, Bretagne",Bretagne
"dairy farms in Morbihan, Bretagne",Bretagne
"poultry farms in Côtes-d'Armor, Bretagne",Bretagne
"poultry farms in Finistère, Bretagne",Bretagne
"poultry farms in Ille-et-Vilaine, Bretagne",Bretagne
"poultry farms in Morbihan, Bretagne",Bretagne
"cattle farms in Côtes-d'Armor, Bretagne",Bretagne
"cattle farms in Finistère, Bretagne",Bretagne
"cattle farms in Ille-et-Vilaine, Bretagne",Bretagne
"cattle farms in Morbihan, Bretagne",Bretagne
"livestock farms in Côtes-d'Armor, Bretagne",Bretagne
"livestock farms in Finistère, Bretagne",Bretagne
"livestock farms in Ille-et-Vilaine, Bretagne",Bretagne
"livestock farms in Morbihan, Bretagne",Bretagne
"pig farms in Côtes-d'Armor, Bretagne",Bretagne
"pig farms in Finistère, Bretagne",Bretagne
"pig farms in Ille-et-Vilaine, Bretagne",Bretagne
"pig farms in Morbihan, Bretagne",Bretagne
"fish farms in Côtes-d'Armor, Bretagne",Bretagne
"fish farms in Finistère, Bretagne",Bretagne
"fish farms in Ille-et-Vilaine, Bretagne",Bretagne
"fish farms in Morbihan, Bretagne",Bretagne
"aquaculture farms in Côtes-d'Armor, Bretagne",Bretagne
"aquaculture farms in Finistère, Bretagne",Bretagne
"aquaculture farms in Ille-et-Vilaine, Bretagne",Bretagne
"aquaculture farms in Morbihan, Bretagne",Bretagne
"egg farmers in Côtes-d'Armor, Bretagne",Bretagne
"egg farmers in Finistère, Bretagne",Bretagne
"egg farmers in Ille-et-Vilaine, Bretagne",Bretagne
"egg farmers in Morbihan, Bretagne",Bretagne
"chicken hatchery in Côtes-d'Armor, Bretagne",Bretagne
"chicken hatchery in Finistère, Bretagne",Bretagne
"chicken hatchery in Ille-et-Vilaine, Bretagne",Bretagne
"chicken hatchery in Morbihan, Bretagne",Bretagne
"shrimp farms in Côtes-d'Armor, Bretagne",Bretagne
"shrimp farms in Finistère, Bretagne",Bretagne
"shrimp farms in Ille-et-Vilaine, Bretagne",Bretagne
"shrimp farms in Morbihan, Bretagne",Bretagne
"seafood farms in Côtes-d'Armor, Bretagne",Bretagne
"seafood farms in Finistère, Bretagne",Bretagne
"seafood farms in Ille-et-Vilaine, Bretagne",Bretagne
"seafood farms in Morbihan, Bretagne",Bretagne
"beef farms in Côtes-d'Armor, Bretagne",Bretagne
"beef farms in Finistère, Bretagne",Bretagne
"beef farms in Ille-et-Vilaine, Bretagne",Bretagne
"beef farms in Morbihan, Bretagne",Bretagne
"meat producer in Côtes-d'Armor, Bretagne",Bretagne
"meat producer in Finistère, Bretagne",Bretagne
"meat producer in Ille-et-Vilaine, Bretagne",Bretagne
"meat producer in Morbihan, Bretagne",Bretagne
"dairy farms in Cher, Centre-Val de Loire",Centre-Val de Loire
"dairy farms in Eure-et-Loir, Centre-Val de Loire",Centre-Val de Loire
"dairy farms in Indre, Centre-Val de Loire",Centre-Val de Loire
"dairy farms in Indre-et-Loire, Centre-Val de Loire",Centre-Val de Loire
"dairy farms in Loir-et-Cher, Centre-Val de Loire",Centre-Val de Loire
"dairy farms in Loiret, Centre-Val de Loire",Centre-Val de Loire
"poultry farms in Cher, Centre-Val de Loire",Centre-Val de Loire
"poultry farms in Eure-et-Loir, Centre-Val de Loire",Centre-Val de Loire
"poultry farms in Indre, Centre-Val de Loire",Centre-Val de Loire
"poultry farms in Indre-et-Loire, Centre-Val de Loire",Centre-Val de Loire
"poultry farms in Loir-et-Cher, Centre-Val de Loire",Centre-Val de Loire
"poultry farms in Loiret, Centre-Val de Loire",Centre-Val de Loire
"cattle farms in Cher, Centre-Val de Loire",Centre-Val de Loire
"cattle farms in Eure-et-Loir, Centre-Val de Loire",Centre-Val de Loire
"cattle farms in Indre, Centre-Val de Loire",Centre-Val de Loire
"cattle farms in Indre-et-Loire, Centre-Val de Loire",Centre-Val de Loire
"cattle farms in Loir-et-Cher, Centre-Val de Loire",Centre-Val de Loire
"cattle farms in Loiret, Centre-Val de Loire",Centre-Val de Loire
"livestock farms in Cher, Centre-Val de Loire",Centre-Val de Loire
"livestock farms in Eure-et-Loir, Centre-Val de Loire",Centre-Val de Loire
"livestock farms in Indre, Centre-Val de Loire",Centre-Val de Loire
"livestock farms in Indre-et-Loire, Centre-Val de Loire",Centre-Val de Loire
"livestock farms in Loir-et-Cher, Centre-Val de Loire",Centre-Val de Loire
"livestock farms in Loiret, Centre-Val de Loire",Centre-Val de Loire
"pig farms in Cher, Centre-Val de Loire",Centre-Val de Loire
"pig farms in Eure-et-Loir, Centre-Val de Loire",Centre-Val de Loire
"pig farms in Indre, Centre-Val de Loire",Centre-Val de Loire
"pig farms in Indre-et-Loire, Centre-Val de Loire",Centre-Val de Loire
"pig farms in Loir-et-Cher, Centre-Val de Loire",Centre-Val de Loire
"pig farms in Loiret, Centre-Val de Loire",Centre-Val de Loire
"fish farms in Cher, Centre-Val de Loire",Centre-Val de Loire
"fish farms in Eure-et-Loir, Centre-Val de Loire",Centre-Val de Loire
"fish farms in Indre, Centre-Val de Loire",Centre-Val de Loire
"fish farms in Indre-et-Loire, Centre-Val de Loire",Centre-Val de Loire
"fish farms in Loir-et-Cher, Centre-Val de Loire",Centre-Val de Loire
"fish farms in Loiret, Centre-Val de Loire",Centre-Val de Loire
"aquaculture farms in Cher, Centre-Val de Loire",Centre-Val de Loire
"aquaculture farms in Eure-et-Loir, Centre-Val de Loire",Centre-Val de Loire
"aquaculture farms in Indre, Centre-Val de Loire",Centre-Val de Loire
"aquaculture farms in Indre-et-Loire, Centre-Val de Loire",Centre-Val de Loire
"aquaculture farms in Loir-et-Cher, Centre-Val de Loire",Centre-Val de Loire
"aquaculture farms in Loiret, Centre-Val de Loire",Centre-Val de Loire
"egg farmers in Cher, Centre-Val de Loire",Centre-Val de Loire
"egg farmers in Eure-et-Loir, Centre-Val de Loire",Centre-Val de Loire
"egg farmers in Indre, Centre-Val de Loire",Centre-Val de Loire
"egg farmers in Indre-et-Loire, Centre-Val de Loire",Centre-Val de Loire
"egg farmers in Loir-et-Cher, Centre-Val de Loire",Centre-Val de Loire
"egg farmers in Loiret, Centre-Val de Loire",Centre-Val de Loire
"chicken hatchery in Cher, Centre-Val de Loire",Centre-Val de Loire
"chicken hatchery in Eure-et-Loir, Centre-Val de Loire",Centre-Val de Loire
"chicken hatchery in Indre, Centre-Val de Loire",Centre-Val de Loire
"chicken hatchery in Indre-et-Loire, Centre-Val de Loire",Centre-Val de Loire
"chicken hatchery in Loir-et-Cher, Centre-Val de Loire",Centre-Val de Loire
"chicken hatchery in Loiret, Centre-Val de Loire",Centre-Val de Loire
"shrimp farms in Cher, Centre-Val de Loire",Centre-Val de Loire
"shrimp farms in Eure-et-Loir, Centre-Val de Loire",Centre-Val de Loire
"shrimp farms in Indre, Centre-Val de Loire",Centre-Val de Loire
"shrimp farms in Indre-et-Loire, Centre-Val de Loire",Centre-Val de Loire
"shrimp farms in Loir-et-Cher, Centre-Val de Loire",Centre-Val de Loire
"shrimp farms in Loiret, Centre-Val de Loire",Centre-Val de Loire
"seafood farms in Cher, Centre-Val de Loire",Centre-Val de Loire
"seafood farms in Eure-et-Loir, Centre-Val de Loire",Centre-Val de Loire
"seafood farms in Indre, Centre-Val de Loire",Centre-Val de Loire
"seafood farms in Indre-et-Loire, Centre-Val de Loire",Centre-Val de Loire
"seafood farms in Loir-et-Cher, Centre-Val de Loire",Centre-Val de Loire
"seafood farms in Loiret, Centre-Val de Loire",Centre-Val de Loire
"beef farms in Cher, Centre-Val de Loire",Centre-Val de Loire
"beef farms in Eure-et-Loir, Centre-Val de Loire",Centre-Val de Loire
"beef farms in Indre, Centre-Val de Loire",Centre-Val de Loire
"beef farms in Indre-et-Loire, Centre-Val de Loire",Centre-Val de Loire
"beef farms in Loir-et-Cher, Centre-Val de Loire",Centre-Val de Loire
"beef farms in Loiret, Centre-Val de Loire",Centre-Val de Loire
"meat producer in Cher, Centre-Val de Loire",Centre-Val de Loire
"meat producer in Eure-et-Loir, Centre-Val de Loire",Centre-Val de Loire
"meat producer in Indre, Centre-Val de Loire",Centre-Val de Loire
"meat producer in Indre-et-Loire, Centre-Val de Loire",Centre-Val de Loire
"meat producer in Loir-et-Cher, Centre-Val de Loire",Centre-Val de Loire
"meat producer in Loiret, Centre-Val de Loire",Centre-Val de Loire
"dairy farms in Corse-du-Sud, Corse",Corse
"dairy farms in Haute-Corse, Corse",Corse
"poultry farms in Corse-du-Sud, Corse",Corse
"poultry farms in Haute-Corse, Corse",Corse
"cattle farms in Corse-du-Sud, Corse",Corse
"cattle farms in Haute-Corse, Corse",Corse
"livestock farms in Corse-du-Sud, Corse",Corse
"livestock farms in Haute-Corse, Corse",Corse
"pig farms in Corse-du-Sud, Corse",Corse
"pig farms in Haute-Corse, Corse",Corse
"fish farms in Corse-du-Sud, Corse",Corse
"fish farms in Haute-Corse, Corse",Corse
"aquaculture farms in Corse-du-Sud, Corse",Corse
"aquaculture farms in Haute-Corse, Corse",Corse
"egg farmers in Corse-du-Sud, Corse",Corse
"egg farmers in Haute-Corse, Corse",Corse
"chicken hatchery in Corse-du-Sud, Corse",Corse
"chicken hatchery in Haute-Corse, Corse",Corse
"shrimp farms in Corse-du-Sud, Corse",Corse
"shrimp farms in Haute-Corse, Corse",Corse
"seafood farms in Corse-du-Sud, Corse",Corse
"seafood farms in Haute-Corse, Corse",Corse
"beef farms in Corse-du-Sud, Corse",Corse
"beef farms in Haute-Corse, Corse",Corse
"meat producer in Corse-du-Sud, Corse",Corse
"meat producer in Haute-Corse, Corse",Corse
"dairy farms in Ardennes, Grand Est",Grand Est
"dairy farms in Aube, Grand Est",Grand Est
"dairy farms in Bas-Rhin, Grand Est",Grand Est
"dairy farms in Haut-Rhin, Grand Est",Grand Est
"dairy farms in Haute-Marne, Grand Est",Grand Est
"dairy farms in Marne, Grand Est",Grand Est
"dairy farms in Meurthe-et-Moselle, Grand Est",Grand Est
"dairy farms in Meuse, Grand Est",Grand Est
"dairy farms in Moselle, Grand Est",Grand Est
"dairy farms in Vosges, Grand Est",Grand Est
"poultry farms in Ardennes, Grand Est",Grand Est
"poultry farms in Aube, Grand Est",Grand Est
"poultry farms in Bas-Rhin, Grand Est",Grand Est
"poultry farms in Haut-Rhin, Grand Est",Grand Est
"poultry farms in Haute-Marne, Grand Est",Grand Est
"poultry farms in Marne, Grand Est",Grand Est
"poultry farms in Meurthe-et-Moselle, Grand Est",Grand Est
"poultry farms in Meuse, Grand Est",Grand Est
"poultry farms in Moselle, Grand Est",Grand Est
"poultry farms in Vosges, Grand Est",Grand Est
"cattle farms in Ardennes, Grand Est",Grand Est
"cattle farms in Aube, Grand Est",Grand Est
"cattle farms in Bas-Rhin, Grand Est",Grand Est
"cattle farms in Haut-Rhin, Grand Est",Grand Est
"cattle farms in Haute-Marne, Grand Est",Grand Est
"cattle farms in Marne, Grand Est",Grand Est
"cattle farms in Meurthe-et-Moselle, Grand Est",Grand Est
"cattle farms in Meuse, Grand Est",Grand Est
"cattle farms in Moselle, Grand Est",Grand Est
"cattle farms in Vosges, Grand Est",Grand Est
"livestock farms in Ardennes, Grand Est",Grand Est
"livestock farms in Aube, Grand Est",Grand Est
"livestock farms in Bas-Rhin, Grand Est",Grand Est
"livestock farms in Haut-Rhin, Grand Est",Grand Est
"livestock farms in Haute-Marne, Grand Est",Grand Est
"livestock farms in Marne, Grand Est",Grand Est
"livestock farms in Meurthe-et-Moselle, Grand Est",Grand Est
"livestock farms in Meuse, Grand Est",Grand Est
"livestock farms in Moselle, Grand Est",Grand Est
"livestock farms in Vosges, Grand Est",Grand Est
"pig farms in Ardennes, Grand Est",Grand Est
"pig farms in Aube, Grand Est",Grand Est
"pig farms in Bas-Rhin, Grand Est",Grand Est
"pig farms in Haut-Rhin, Grand Est",Grand Est
"pig farms in Haute-Marne, Grand Est",Grand Est
"pig farms in Marne, Grand Est",Grand Est
"pig farms in Meurthe-et-Moselle, Grand Est",Grand Est
"pig farms in Meuse, Grand Est",Grand Est
"pig farms in Moselle, Grand Est",Grand Est
"pig farms in Vosges, Grand Est",Grand Est
"fish farms in Ardennes, Grand Est",Grand Est
"fish farms in Aube, Grand Est",Grand Est
"fish farms in Bas-Rhin, Grand Est",Grand Est
"fish farms in Haut-Rhin, Grand Est",Grand Est
"fish farms in Haute-Marne, Grand Est",Grand Est
"fish farms in Marne, Grand Est",Grand Est
"fish farms in Meurthe-et-Moselle, Grand Est",Grand Est
"fish farms in Meuse, Grand Est",Grand Est
"fish farms in Moselle, Grand Est",Grand Est
"fish farms in Vosges, Grand Est",Grand Est
"aquaculture farms in Ardennes, Grand Est",Grand Est
"aquaculture farms in Aube, Grand Est",Grand Est
"aquaculture farms in Bas-Rhin, Grand Est",Grand Est
"aquaculture farms in Haut-Rhin, Grand Est",Grand Est
"aquaculture farms in Haute-Marne, Grand Est",Grand Est
"aquaculture farms in Marne, Grand Est",Grand Est
"aquaculture farms in Meurthe-et-Moselle, Grand Est",Grand Est
"aquaculture farms in Meuse, Grand Est",Grand Est
"aquaculture farms in Moselle, Grand Est",Grand Est
"aquaculture farms in Vosges, Grand Est",Grand Est
"egg farmers in Ardennes, Grand Est",Grand Est
"egg farmers in Aube, Grand Est",Grand Est
"egg farmers in Bas-Rhin, Grand Est",Grand Est
"egg farmers in Haut-Rhin, Grand Est",Grand Est
"egg farmers in Haute-Marne, Grand Est",Grand Est
"egg farmers in Marne, Grand Est",Grand Est
"egg farmers in Meurthe-et-Moselle, Grand Est",Grand Est
"egg farmers in Meuse, Grand Est",Grand Est
"egg farmers in Moselle, Grand Est",Grand Est
"egg farmers in Vosges, Grand Est",Grand Est
"chicken hatchery in Ardennes, Grand Est",Grand Est
"chicken hatchery in Aube, Grand Est",Grand Est
"chicken hatchery in Bas-Rhin, Grand Est",Grand Est
"chicken hatchery in Haut-Rhin, Grand Est",Grand Est
"chicken hatchery in Haute-Marne, Grand Est",Grand Est
"chicken hatchery in Marne, Grand Est",Grand Est
"chicken hatchery in Meurthe-et-Moselle, Grand Est",Grand Est
"chicken hatchery in Meuse, Grand Est",Grand Est
"chicken hatchery in Moselle, Grand Est",Grand Est
"chicken hatchery in Vosges, Grand Est",Grand Est
"shrimp farms in Ardennes, Grand Est",Grand Est
"shrimp farms in Aube, Grand Est",Grand Est
"shrimp farms in Bas-Rhin, Grand Est",Grand Est
"shrimp farms in Haut-Rhin, Grand Est",Grand Est
"shrimp farms in Haute-Marne, Grand Est",Grand Est
"shrimp farms in Marne, Grand Est",Grand Est
"shrimp farms in Meurthe-et-Moselle, Grand Est",Grand Est
"shrimp farms in Meuse, Grand Est",Grand Est
"shrimp farms in Moselle, Grand Est",Grand Est
"shrimp farms in Vosges, Grand Est",Grand Est
"seafood farms in Ardennes, Grand Est",Grand Est
"seafood farms in Aube, Grand Est",Grand Est
"seafood farms in Bas-Rhin, Grand Est",Grand Est
"seafood farms in Haut-Rhin, Grand Est",Grand Est
"seafood farms in Haute-Marne, Grand Est",Grand Est
"seafood farms in Marne, Grand Est",Grand Est
"seafood farms in Meurthe-et-Moselle, Grand Est",Grand Est
"seafood farms in Meuse, Grand Est",Grand Est
"seafood farms in Moselle, Grand Est",Grand Est
"seafood farms in Vosges, Grand Est",Grand Est
"beef farms in Ardennes, Grand Est",Grand Est
"beef farms in Aube, Grand Est",Grand Est
"beef farms in Bas-Rhin, Grand Est",Grand Est
"beef farms in Haut-Rhin, Grand Est",Grand Est
"beef farms in Haute-Marne, Grand Est",Grand Est
"beef farms in Marne, Grand Est",Grand Est
"beef farms in Meurthe-et-Moselle, Grand Est",Grand Est
"beef farms in Meuse, Grand Est",Grand Est
"beef farms in Moselle, Grand Est",Grand Est
"beef farms in Vosges, Grand Est",Grand Est
"meat producer in Ardennes, Grand Est",Grand Est
"meat producer in Aube, Grand Est",Grand Est
"meat producer in Bas-Rhin, Grand Est",Grand Est
"meat producer in Haut-Rhin, Grand Est",Grand Est
"meat producer in Haute-Marne, Grand Est",Grand Est
"meat producer in Marne, Grand Est",Grand Est
"meat producer in Meurthe-et-Moselle, Grand Est",Grand Est
"meat producer in Meuse, Grand Est",Grand Est
"meat producer in Moselle, Grand Est",Grand Est
"meat producer in Vosges, Grand Est",Grand Est
"dairy farms in Aisne, Hauts-de-France",Hauts-de-France
"dairy farms in Nord, Hauts-de-France",Hauts-de-France
"dairy farms in Oise, Hauts-de-France",Hauts-de-France
"dairy farms in Pas-de-Calais, Hauts-de-France",Hauts-de-France
"dairy farms in Somme, Hauts-de-France",Hauts-de-France
"poultry farms in Aisne, Hauts-de-France",Hauts-de-France
"poultry farms in Nord, Hauts-de-France",Hauts-de-France
"poultry farms in Oise, Hauts-de-France",Hauts-de-France
"poultry farms in Pas-de-Calais, Hauts-de-France",Hauts-de-France
"poultry farms in Somme, Hauts-de-France",Hauts-de-France
"cattle farms in Aisne, Hauts-de-France",Hauts-de-France
"cattle farms in Nord, Hauts-de-France",Hauts-de-France
"cattle farms in Oise, Hauts-de-France",Hauts-de-France
"cattle farms in Pas-de-Calais, Hauts-de-France",Hauts-de-France
"cattle farms in Somme, Hauts-de-France",Hauts-de-France
"livestock farms in Aisne, Hauts-de-France",Hauts-de-France
"livestock farms in Nord, Hauts-de-France",Hauts-de-France
"livestock farms in Oise, Hauts-de-France",Hauts-de-France
"livestock farms in Pas-de-Calais, Hauts-de-France",Hauts-de-France
"livestock farms in Somme, Hauts-de-France",Hauts-de-France
"pig farms in Aisne, Hauts-de-France",Hauts-de-France
"pig farms in Nord, Hauts-de-France",Hauts-de-France
"pig farms in Oise, Hauts-de-France",Hauts-de-France
"pig farms in Pas-de-Calais, Hauts-de-France",Hauts-de-France
"pig farms in Somme, Hauts-de-France",Hauts-de-France
"fish farms in Aisne, Hauts-de-France",Hauts-de-France
"fish farms in Nord, Hauts-de-France",Hauts-de-France
"fish farms in Oise, Hauts-de-France",Hauts-de-France
"fish farms in Pas-de-Calais, Hauts-de-France",Hauts-de-France
"fish farms in Somme, Hauts-de-France",Hauts-de-France
"aquaculture farms in Aisne, Hauts-de-France",Hauts-de-France
"aquaculture farms in Nord, Hauts-de-France",Hauts-de-France
"aquaculture farms in Oise, Hauts-de-France",Hauts-de-France
"aquaculture farms in Pas-de-Calais, Hauts-de-France",Hauts-de-France
"aquaculture farms in Somme, Hauts-de-France",Hauts-de-France
"egg farmers in Aisne, Hauts-de-France",Hauts-de-France
"egg farmers in Nord, Hauts-de-France",Hauts-de-France
"egg farmers in Oise, Hauts-de-France",Hauts-de-France
"egg farmers in Pas-de-Calais, Hauts-de-France",Hauts-de-France
"egg farmers in Somme, Hauts-de-France",Hauts-de-France
"chicken hatchery in Aisne, Hauts-de-France",Hauts-de-France
"chicken hatchery in Nord, Hauts-de-France",Hauts-de-France
"chicken hatchery in Oise, Hauts-de-France",Hauts-de-France
"chicken hatchery in Pas-de-Calais, Hauts-de-France",Hauts-de-France
"chicken hatchery in Somme, Hauts-de-France",Hauts-de-France
"shrimp farms in Aisne, Hauts-de-France",Hauts-de-France
"shrimp farms in Nord, Hauts-de-France",Hauts-de-France
"shrimp farms in Oise, Hauts-de-France",Hauts-de-France
"shrimp farms in Pas-de-Calais, Hauts-de-France",Hauts-de-France
"shrimp farms in Somme, Hauts-de-France",Hauts-de-France
"seafood farms in Aisne, Hauts-de-France",Hauts-de-France
"seafood farms in Nord, Hauts-de-France",Hauts-de-France
"seafood farms in Oise, Hauts-de-France",Hauts-de-France
"seafood farms in Pas-de-Calais, Hauts-de-France",Hauts-de-France
"seafood farms in Somme, Hauts-de-France",Hauts-de-France
"beef farms in Aisne, Hauts-de-France",Hauts-de-France
"beef farms in Nord, Hauts-de-France",Hauts-de-France
"beef farms in Oise, Hauts-de-France",Hauts-de-France
"beef farms in Pas-de-Calais, Hauts-de-France",Hauts-de-France
"beef farms in Somme, Hauts-de-France",Hauts-de-France
"meat producer in Aisne, Hauts-de-France",Hauts-de-France
"meat producer in Nord, Hauts-de-France",Hauts-de-France
"meat producer in Oise, Hauts-de-France",Hauts-de-France
"meat producer in Pas-de-Calais, Hauts-de-France",Hauts-de-France
"meat producer in Somme, Hauts-de-France",Hauts-de-France
"dairy farms in Calvados, Normandie",Normandie
"dairy farms in Eure, Normandie",Normandie
"dairy farms in Manche, Normandie",Normandie
"dairy farms in Orne, Normandie",Normandie
"dairy farms in Seine-Maritime, Normandie",Normandie
"poultry farms in Calvados, Normandie",Normandie
"poultry farms in Eure, Normandie",Normandie
"poultry farms in Manche, Normandie",Normandie
"poultry farms in Orne, Normandie",Normandie
"poultry farms in Seine-Maritime, Normandie",Normandie
"cattle farms in Calvados, Normandie",Normandie
"cattle farms in Eure, Normandie",Normandie
"cattle farms in Manche, Normandie",Normandie
"cattle farms in Orne, Normandie",Normandie
"cattle farms in Seine-Maritime, Normandie",Normandie
"livestock farms in Calvados, Normandie",Normandie
"livestock farms in Eure, Normandie",Normandie
"livestock farms in Manche, Normandie",Normandie
"livestock farms in Orne, Normandie",Normandie
"livestock farms in Seine-Maritime, Normandie",Normandie
"pig farms in Calvados, Normandie",Normandie
"pig farms in Eure, Normandie",Normandie
"pig farms in Manche, Normandie",Normandie
"pig farms in Orne, Normandie",Normandie
"pig farms in Seine-Maritime, Normandie",Normandie
"fish farms in Calvados, Normandie",Normandie
"fish farms in Eure, Normandie",Normandie
"fish farms in Manche, Normandie",Normandie
"fish farms in Orne, Normandie",Normandie
"fish farms in Seine-Maritime, Normandie",Normandie
"aquaculture farms in Calvados, Normandie",Normandie
"aquaculture farms in Eure, Normandie",Normandie
"aquaculture farms in Manche, Normandie",Normandie
"aquaculture farms in Orne, Normandie",Normandie
"aquaculture farms in Seine-Maritime, Normandie",Normandie
"egg farmers in Calvados, Normandie",Normandie
"egg farmers in Eure, Normandie",Normandie
"egg farmers in Manche, Normandie",Normandie
"egg farmers in Orne, Normandie",Normandie
"egg farmers in Seine-Maritime, Normandie",Normandie
"chicken hatchery in Calvados, Normandie",Normandie
"chicken hatchery in Eure, Normandie",Normandie
"chicken hatchery in Manche, Normandie",Normandie
"chicken hatchery in Orne, Normandie",Normandie
"chicken hatchery in Seine-Maritime, Normandie",Normandie
"shrimp farms in Calvados, Normandie",Normandie
"shrimp farms in Eure, Normandie",Normandie
"shrimp farms in Manche, Normandie",Normandie
"shrimp farms in Orne, Normandie",Normandie
"shrimp farms in Seine-Maritime, Normandie",Normandie
"seafood farms in Calvados, Normandie",Normandie
"seafood farms in Eure, Normandie",Normandie
"seafood farms in Manche, Normandie",Normandie
"seafood farms in Orne, Normandie",Normandie
"seafood farms in Seine-Maritime, Normandie",Normandie
"beef farms in Calvados, Normandie",Normandie
"beef farms in Eure, Normandie",Normandie
"beef farms in Manche, Normandie",Normandie
"beef farms in Orne, Normandie",Normandie
"beef farms in Seine-Maritime, Normandie",Normandie
"meat producer in Calvados, Normandie",Normandie
"meat producer in Eure, Normandie",Normandie
"meat producer in Manche, Normandie",Normandie
"meat producer in Orne, Normandie",Normandie
"meat producer in Seine-Maritime, Normandie",Normandie
"dairy farms in Charente, Nouvelle-Aquitaine",Nouvelle-Aquitaine
"dairy farms in Charente-Maritime, Nouvelle-Aquitaine",Nouvelle-Aquitaine
"dairy farms in Corrèze, Nouvelle-Aquitaine",Nouvelle-Aquitaine
"dairy farms in Creuse, Nouvelle-Aquitaine",Nouvelle-Aquitaine
"dairy farms in Deux-Sèvres, Nouvelle-Aquitaine",Nouvelle-Aquitaine
"dairy farms in Dordogne, Nouvelle-Aquitaine",Nouvelle-Aquitaine
"dairy farms in Gironde, Nouvelle-Aquitaine",Nouvelle-Aquitaine
"dairy farms in Haute-Vienne, Nouvelle-Aquitaine",Nouvelle-Aquitaine
"dairy farms in Landes, Nouvelle-Aquitaine",Nouvelle-Aquitaine
"dairy farms in Lot-et-Garonne, Nouvelle-Aquitaine",Nouvelle-Aquitaine
"dairy farms in Pyrénées-Atlantiques, Nouvelle-Aquitaine",Nouvelle-Aquitaine
"dairy farms in Vienne, Nouvelle-Aquitaine",Nouvelle-Aquitaine
"poultry farms in Charente, Nouvelle-Aquitaine",Nouvelle-Aquitaine
"poultry farms in Charente-Maritime, Nouvelle-Aquitaine",Nouvelle-Aquitaine
"poultry farms in Corrèze, Nouvelle-Aquitaine",Nouvelle-Aquitaine
"poultry farms in Creuse, Nouvelle-Aquitaine",Nouvelle-Aquitaine
"poultry farms in Deux-Sèvres, Nouvelle-Aquitaine",Nouvelle-Aquitaine
"poultry farms in Dordogne, Nouvelle-Aquitaine",Nouvelle-Aquitaine
"poultry farms in Gironde, Nouvelle-Aquitaine",Nouvelle-Aquitaine
"poultry farms in Haute-Vienne, Nouvelle-Aquitaine",Nouvelle-Aquitaine
"poultry farms in Landes, Nouvelle-Aquitaine",Nouvelle-Aquitaine
"poultry farms in Lot-et-Garonne, Nouvelle-Aquitaine",Nouvelle-Aquitaine
"poultry farms in Pyrénées-Atlantiques, Nouvelle-Aquitaine",Nouvelle-Aquitaine
"poultry farms in Vienne, Nouvelle-Aquitaine",Nouvelle-Aquitaine
"cattle farms in Charente, Nouvelle-Aquitaine",Nouvelle-Aquitaine
"cattle farms in Charente-Maritime, Nouvelle-Aquitaine",Nouvelle-Aquitaine
"cattle farms in Corrèze, Nouvelle-Aquitaine",Nouvelle-Aquitaine
"cattle farms in Creuse, Nouvelle-Aquitaine",Nouvelle-Aquitaine
"cattle farms in Deux-Sèvres, Nouvelle-Aquitaine",Nouvelle-Aquitaine
"cattle farms in Dordogne, Nouvelle-Aquitaine",Nouvelle-Aquitaine
"cattle farms in Gironde, Nouvelle-Aquitaine",Nouvelle-Aquitaine
"cattle farms in Haute-Vienne, Nouvelle-Aquitaine",Nouvelle-Aquitaine
"cattle farms in Landes, Nouvelle-Aquitaine",Nouvelle-Aquitaine
"cattle farms in Lot-et-Garonne, Nouvelle-Aquitaine",Nouvelle-Aquitaine
"cattle farms in Pyrénées-Atlantiques, Nouvelle-Aquitaine",Nouvelle-Aquitaine
"cattle farms in Vienne, Nouvelle-Aquitaine",Nouvelle-Aquitaine
"livestock farms in Charente, Nouvelle-Aquitaine",Nouvelle-Aquitaine
"livestock farms in Charente-Maritime, Nouvelle-Aquitaine",Nouvelle-Aquitaine
"livestock farms in Corrèze, Nouvelle-Aquitaine",Nouvelle-Aquitaine
"livestock farms in Creuse, Nouvelle-Aquitaine",Nouvelle-Aquitaine
"livestock farms in Deux-Sèvres, Nouvelle-Aquitaine",Nouvelle-Aquitaine
"livestock farms in Dordogne, Nouvelle-Aquitaine",Nouvelle-Aquitaine
"livestock farms in Gironde, Nouvelle-Aquitaine",Nouvelle-Aquitaine
"livestock farms in Haute-Vienne, Nouvelle-Aquitaine",Nouvelle-Aquitaine
"livestock farms in Landes, Nouvelle-Aquitaine",Nouvelle-Aquitaine
"livestock farms in Lot-et-Garonne, Nouvelle-Aquitaine",Nouvelle-Aquitaine
"livestock farms in Pyrénées-Atlantiques, Nouvelle-Aquitaine",Nouvelle-Aquitaine
"livestock farms in Vienne, Nouvelle-Aquitaine",Nouvelle-Aquitaine
"pig farms in Charente, Nouvelle-Aquitaine",Nouvelle-Aquitaine
"pig farms in Charente-Maritime, Nouvelle-Aquitaine",Nouvelle-Aquitaine
"pig farms in Corrèze, Nouvelle-Aquitaine",Nouvelle-Aquitaine
"pig farms in Creuse, Nouvelle-Aquitaine",Nouvelle-Aquitaine
"pig farms in Deux-Sèvres, Nouvelle-Aquitaine",Nouvelle-Aquitaine
"pig farms in Dordogne, Nouvelle-Aquitaine",Nouvelle-Aquitaine
"pig farms in Gironde, Nouvelle-Aquitaine",Nouvelle-Aquitaine
"pig farms in Haute-Vienne, Nouvelle-Aquitaine",Nouvelle-Aquitaine
"pig farms in Landes, Nouvelle-Aquitaine",Nouvelle-Aquitaine
"pig farms in Lot-et-Garonne, Nouvelle-Aquitaine",Nouvelle-Aquitaine
"pig farms in Pyrénées-Atlantiques, Nouvelle-Aquitaine",Nouvelle-Aquitaine
"pig farms in Vienne, Nouvelle-Aquitaine",Nouvelle-Aquitaine
"fish farms in Charente, Nouvelle-Aquitaine",Nouvelle-Aquitaine
"fish farms in Charente-Maritime, Nouvelle-Aquitaine",Nouvelle-Aquitaine
"fish farms in Corrèze, Nouvelle-Aquitaine",Nouvelle-Aquitaine
"fish farms in Creuse, Nouvelle-Aquitaine",Nouvelle-Aquitaine
"fish farms in Deux-Sèvres, Nouvelle-Aquitaine",Nouvelle-Aquitaine
"fish farms in Dordogne, Nouvelle-Aquitaine",Nouvelle-Aquitaine
"fish farms in Gironde, Nouvelle-Aquitaine",Nouvelle-Aquitaine
"fish farms in Haute-Vienne, Nouvelle-Aquitaine",Nouvelle-Aquitaine
"fish farms in Landes, Nouvelle-Aquitaine",Nouvelle-Aquitaine
"fish farms in Lot-et-Garonne, Nouvelle-Aquitaine",Nouvelle-Aquitaine
"fish farms in Pyrénées-Atlantiques, Nouvelle-Aquitaine",Nouvelle-Aquitaine
"fish farms in Vienne, Nouvelle-Aquitaine",Nouvelle-Aquitaine
"aquaculture farms in Charente, Nouvelle-Aquitaine",Nouvelle-Aquitaine
"aquaculture farms in Charente-Maritime, Nouvelle-Aquitaine",Nouvelle-Aquitaine
"aquaculture farms in Corrèze, Nouvelle-Aquitaine",Nouvelle-Aquitaine
"aquaculture farms in Creuse, Nouvelle-Aquitaine",Nouvelle-Aquitaine
"aquaculture farms in Deux-Sèvres, Nouvelle-Aquitaine",Nouvelle-Aquitaine
"aquaculture farms in Dordogne, Nouvelle-Aquitaine",Nouvelle-Aquitaine
"aquaculture farms in Gironde, Nouvelle-Aquitaine",Nouvelle-Aquitaine
"aquaculture farms in Haute-Vienne, Nouvelle-Aquitaine",Nouvelle-Aquitaine
"aquaculture farms in Landes, Nouvelle-Aquitaine",Nouvelle-Aquitaine
"aquaculture farms in Lot-et-Garonne, Nouvelle-Aquitaine",Nouvelle-Aquitaine
"aquaculture farms in Pyrénées-Atlantiques, Nouvelle-Aquitaine",Nouvelle-Aquitaine
"aquaculture farms in Vienne, Nouvelle-Aquitaine",Nouvelle-Aquitaine
"egg farmers in Charente, Nouvelle-Aquitaine",Nouvelle-Aquitaine
"egg farmers in Charente-Maritime, Nouvelle-Aquitaine",Nouvelle-Aquitaine
"egg farmers in Corrèze, Nouvelle-Aquitaine",Nouvelle-Aquitaine
"egg farmers in Creuse, Nouvelle-Aquitaine",Nouvelle-Aquitaine
"egg farmers in Deux-Sèvres, Nouvelle-Aquitaine",Nouvelle-Aquitaine
"egg farmers in Dordogne, Nouvelle-Aquitaine",Nouvelle-Aquitaine
"egg farmers in Gironde, Nouvelle-Aquitaine",Nouvelle-Aquitaine
"egg farmers in Haute-Vienne, Nouvelle-Aquitaine",Nouvelle-Aquitaine
"egg farmers in Landes, Nouvelle-Aquitaine",Nouvelle-Aquitaine
"egg farmers in Lot-et-Garonne, Nouvelle-Aquitaine",Nouvelle-Aquitaine
"egg farmers in Pyrénées-Atlantiques, Nouvelle-Aquitaine",Nouvelle-Aquitaine
"egg farmers in Vienne, Nouvelle-Aquitaine",Nouvelle-Aquitaine
"chicken hatchery in Charente, Nouvelle-Aquitaine",Nouvelle-Aquitaine
"chicken hatchery in Charente-Maritime, Nouvelle-Aquitaine",Nouvelle-Aquitaine
"chicken hatchery in Corrèze, Nouvelle-Aquitaine",Nouvelle-Aquitaine
"chicken hatchery in Creuse, Nouvelle-Aquitaine",Nouvelle-Aquitaine
"chicken hatchery in Deux-Sèvres, Nouvelle-Aquitaine",Nouvelle-Aquitaine
"chicken hatchery in Dordogne, Nouvelle-Aquitaine",Nouvelle-Aquitaine
"chicken hatchery in Gironde, Nouvelle-Aquitaine",Nouvelle-Aquitaine
"chicken hatchery in Haute-Vienne, Nouvelle-Aquitaine",Nouvelle-Aquitaine
"chicken hatchery in Landes, Nouvelle-Aquitaine",Nouvelle-Aquitaine
"chicken hatchery in Lot-et-Garonne, Nouvelle-Aquitaine",Nouvelle-Aquitaine
"chicken hatchery in Pyrénées-Atlantiques, Nouvelle-Aquitaine",Nouvelle-Aquitaine
"chicken hatchery in Vienne, Nouvelle-Aquitaine",Nouvelle-Aquitaine
"shrimp farms in Charente, Nouvelle-Aquitaine",Nouvelle-Aquitaine
"shrimp farms in Charente-Maritime, Nouvelle-Aquitaine",Nouvelle-Aquitaine
"shrimp farms in Corrèze, Nouvelle-Aquitaine",Nouvelle-Aquitaine
"shrimp farms in Creuse, Nouvelle-Aquitaine",Nouvelle-Aquitaine
"shrimp farms in Deux-Sèvres, Nouvelle-Aquitaine",Nouvelle-Aquitaine
"shrimp farms in Dordogne, Nouvelle-Aquitaine",Nouvelle-Aquitaine
"shrimp farms in Gironde, Nouvelle-Aquitaine",Nouvelle-Aquitaine
"shrimp farms in Haute-Vienne, Nouvelle-Aquitaine",Nouvelle-Aquitaine
"shrimp farms in Landes, Nouvelle-Aquitaine",Nouvelle-Aquitaine
"shrimp farms in Lot-et-Garonne, Nouvelle-Aquitaine",Nouvelle-Aquitaine
"shrimp farms in Pyrénées-Atlantiques, Nouvelle-Aquitaine",Nouvelle-Aquitaine
"shrimp farms in Vienne, Nouvelle-Aquitaine",Nouvelle-Aquitaine
"seafood farms in Charente, Nouvelle-Aquitaine",Nouvelle-Aquitaine
"seafood farms in Charente-Maritime, Nouvelle-Aquitaine",Nouvelle-Aquitaine
"seafood farms in Corrèze, Nouvelle-Aquitaine",Nouvelle-Aquitaine
"seafood farms in Creuse, Nouvelle-Aquitaine",Nouvelle-Aquitaine
"seafood farms in Deux-Sèvres, Nouvelle-Aquitaine",Nouvelle-Aquitaine
"seafood farms in Dordogne, Nouvelle-Aquitaine",Nouvelle-Aquitaine
"seafood farms in Gironde, Nouvelle-Aquitaine",Nouvelle-Aquitaine
"seafood farms in Haute-Vienne, Nouvelle-Aquitaine",Nouvelle-Aquitaine
"seafood farms in Landes, Nouvelle-Aquitaine",Nouvelle-Aquitaine
"seafood farms in Lot-et-Garonne, Nouvelle-Aquitaine",Nouvelle-Aquitaine
"seafood farms in Pyrénées-Atlantiques, Nouvelle-Aquitaine",Nouvelle-Aquitaine
"seafood farms in Vienne, Nouvelle-Aquitaine",Nouvelle-Aquitaine
"beef farms in Charente, Nouvelle-Aquitaine",Nouvelle-Aquitaine
"beef farms in Charente-Maritime, Nouvelle-Aquitaine",Nouvelle-Aquitaine
"beef farms in Corrèze, Nouvelle-Aquitaine",Nouvelle-Aquitaine
"beef farms in Creuse, Nouvelle-Aquitaine",Nouvelle-Aquitaine
"beef farms in Deux-Sèvres, Nouvelle-Aquitaine",Nouvelle-Aquitaine
"beef farms in Dordogne, Nouvelle-Aquitaine",Nouvelle-Aquitaine
"beef farms in Gironde, Nouvelle-Aquitaine",Nouvelle-Aquitaine
"beef farms in Haute-Vienne, Nouvelle-Aquitaine",Nouvelle-Aquitaine
"beef farms in Landes, Nouvelle-Aquitaine",Nouvelle-Aquitaine
"beef farms in Lot-et-Garonne, Nouvelle-Aquitaine",Nouvelle-Aquitaine
"beef farms in Pyrénées-Atlantiques, Nouvelle-Aquitaine",Nouvelle-Aquitaine
"beef farms in Vienne, Nouvelle-Aquitaine",Nouvelle-Aquitaine
"meat producer in Charente, Nouvelle-Aquitaine",Nouvelle-Aquitaine
"meat producer in Charente-Maritime, Nouvelle-Aquitaine",Nouvelle-Aquitaine
"meat producer in Corrèze, Nouvelle-Aquitaine",Nouvelle-Aquitaine
"meat producer in Creuse, Nouvelle-Aquitaine",Nouvelle-Aquitaine
"meat producer in Deux-Sèvres, Nouvelle-Aquitaine",Nouvelle-Aquitaine
"meat producer in Dordogne, Nouvelle-Aquitaine",Nouvelle-Aquitaine
"meat producer in Gironde, Nouvelle-Aquitaine",Nouvelle-Aquitaine
"meat producer in Haute-Vienne, Nouvelle-Aquitaine",Nouvelle-Aquitaine
"meat producer in Landes, Nouvelle-Aquitaine",Nouvelle-Aquitaine
"meat producer in Lot-et-Garonne, Nouvelle-Aquitaine",Nouvelle-Aquitaine
"meat producer in Pyrénées-Atlantiques, Nouvelle-Aquitaine",Nouvelle-Aquitaine
"meat producer in Vienne, Nouvelle-Aquitaine",Nouvelle-Aquitaine
"dairy farms in Ariège, Occitanie",Occitanie
"dairy farms in Aude, Occitanie",Occitanie
"dairy farms in Aveyron, Occitanie",Occitanie
"dairy farms in Gard, Occitanie",Occitanie
"dairy farms in Gers, Occitanie",Occitanie
"dairy farms in Haute-Garonne, Occitanie",Occitanie
"dairy farms in Hautes-Pyrénées, Occitanie",Occitanie
"dairy farms in Hérault, Occitanie",Occitanie
"dairy farms in Lot, Occitanie",Occitanie
"dairy farms in Lozère, Occitanie",Occitanie
"dairy farms in Pyrénées-Orientales, Occitanie",Occitanie
"dairy farms in Tarn, Occitanie",Occitanie
"dairy farms in Tarn-et-Garonne, Occitanie",Occitanie
"poultry farms in Ariège, Occitanie",Occitanie
"poultry farms in Aude, Occitanie",Occitanie
"poultry farms in Aveyron, Occitanie",Occitanie
"poultry farms in Gard, Occitanie",Occitanie
"poultry farms in Gers, Occitanie",Occitanie
"poultry farms in Haute-Garonne, Occitanie",Occitanie
"poultry farms in Hautes-Pyrénées, Occitanie",Occitanie
"poultry farms in Hérault, Occitanie",Occitanie
"poultry farms in Lot, Occitanie",Occitanie
"poultry farms in Lozère, Occitanie",Occitanie
"poultry farms in Pyrénées-Orientales, Occitanie",Occitanie
"poultry farms in Tarn, Occitanie",Occitanie
"poultry farms in Tarn-et-Garonne, Occitanie",Occitanie
"cattle farms in Ariège, Occitanie",Occitanie
"cattle farms in Aude, Occitanie",Occitanie
"cattle farms in Aveyron, Occitanie",Occitanie
"cattle farms in Gard, Occitanie",Occitanie
"cattle farms in Gers, Occitanie",Occitanie
"cattle farms in Haute-Garonne, Occitanie",Occitanie
"cattle farms in Hautes-Pyrénées, Occitanie",Occitanie
"cattle farms in Hérault, Occitanie",Occitanie
"cattle farms in Lot, Occitanie",Occitanie
"cattle farms in Lozère, Occitanie",Occitanie
"cattle farms in Pyrénées-Orientales, Occitanie",Occitanie
"cattle farms in Tarn, Occitanie",Occitanie
"cattle farms in Tarn-et-Garonne, Occitanie",Occitanie
"livestock farms in Ariège, Occitanie",Occitanie
"livestock farms in Aude, Occitanie",Occitanie
"livestock farms in Aveyron, Occitanie",Occitanie
"livestock farms in Gard, Occitanie",Occitanie
"livestock farms in Gers, Occitanie",Occitanie
"livestock farms in Haute-Garonne, Occitanie",Occitanie
"livestock farms in Hautes-Pyrénées, Occitanie",Occitanie
"livestock farms in Hérault, Occitanie",Occitanie
"livestock farms in Lot, Occitanie",Occitanie
"livestock farms in Lozère, Occitanie",Occitanie
"livestock farms in Pyrénées-Orientales, Occitanie",Occitanie
"livestock farms in Tarn, Occitanie",Occitanie
"livestock farms in Tarn-et-Garonne, Occitanie",Occitanie
"pig farms in Ariège, Occitanie",Occitanie
"pig farms in Aude, Occitanie",Occitanie
"pig farms in Aveyron, Occitanie",Occitanie
"pig farms in Gard, Occitanie",Occitanie
"pig farms in Gers, Occitanie",Occitanie
"pig farms in Haute-Garonne, Occitanie",Occitanie
"pig farms in Hautes-Pyrénées, Occitanie",Occitanie
"pig farms in Hérault, Occitanie",Occitanie
"pig farms in Lot, Occitanie",Occitanie
"pig farms in Lozère, Occitanie",Occitanie
"pig farms in Pyrénées-Orientales, Occitanie",Occitanie
"pig farms in Tarn, Occitanie",Occitanie
"pig farms in Tarn-et-Garonne, Occitanie",Occitanie
"fish farms in Ariège, Occitanie",Occitanie
"fish farms in Aude, Occitanie",Occitanie
"fish farms in Aveyron, Occitanie",Occitanie
"fish farms in Gard, Occitanie",Occitanie
"fish farms in Gers, Occitanie",Occitanie
"fish farms in Haute-Garonne, Occitanie",Occitanie
"fish farms in Hautes-Pyrénées, Occitanie",Occitanie
"fish farms in Hérault, Occitanie",Occitanie
"fish farms in Lot, Occitanie",Occitanie
"fish farms in Lozère, Occitanie",Occitanie
"fish farms in Pyrénées-Orientales, Occitanie",Occitanie
"fish farms in Tarn, Occitanie",Occitanie
"fish farms in Tarn-et-Garonne, Occitanie",Occitanie
"aquaculture farms in Ariège, Occitanie",Occitanie
"aquaculture farms in Aude, Occitanie",Occitanie
"aquaculture farms in Aveyron, Occitanie",Occitanie
"aquaculture farms in Gard, Occitanie",Occitanie
"aquaculture farms in Gers, Occitanie",Occitanie
"aquaculture farms in Haute-Garonne, Occitanie",Occitanie
"aquaculture farms in Hautes-Pyrénées, Occitanie",Occitanie
"aquaculture farms in Hérault, Occitanie",Occitanie
"aquaculture farms in Lot, Occitanie",Occitanie
"aquaculture farms in Lozère, Occitanie",Occitanie
"aquaculture farms in Pyrénées-Orientales, Occitanie",Occitanie
"aquaculture farms in Tarn, Occitanie",Occitanie
"aquaculture farms in Tarn-et-Garonne, Occitanie",Occitanie
"egg farmers in Ariège, Occitanie",Occitanie
"egg farmers in Aude, Occitanie",Occitanie
"egg farmers in Aveyron, Occitanie",Occitanie
"egg farmers in Gard, Occitanie",Occitanie
"egg farmers in Gers, Occitanie",Occitanie
"egg farmers in Haute-Garonne, Occitanie",Occitanie
"egg farmers in Hautes-Pyrénées, Occitanie",Occitanie
"egg farmers in Hérault, Occitanie",Occitanie
"egg farmers in Lot, Occitanie",Occitanie
"egg farmers in Lozère, Occitanie",Occitanie
"egg farmers in Pyrénées-Orientales, Occitanie",Occitanie
"egg farmers in Tarn, Occitanie",Occitanie
"egg farmers in Tarn-et-Garonne, Occitanie",Occitanie
"chicken hatchery in Ariège, Occitanie",Occitanie
"chicken hatchery in Aude, Occitanie",Occitanie
"chicken hatchery in Aveyron, Occitanie",Occitanie
"chicken hatchery in Gard, Occitanie",Occitanie
"chicken hatchery in Gers, Occitanie",Occitanie
"chicken hatchery in Haute-Garonne, Occitanie",Occitanie
"chicken hatchery in Hautes-Pyrénées, Occitanie",Occitanie
"chicken hatchery in Hérault, Occitanie",Occitanie
"chicken hatchery in Lot, Occitanie",Occitanie
"chicken hatchery in Lozère, Occitanie",Occitanie
"chicken hatchery in Pyrénées-Orientales, Occitanie",Occitanie
"chicken hatchery in Tarn, Occitanie",Occitanie
"chicken hatchery in Tarn-et-Garonne, Occitanie",Occitanie
"shrimp farms in Ariège, Occitanie",Occitanie
"shrimp farms in Aude, Occitanie",Occitanie
"shrimp farms in Aveyron, Occitanie",Occitanie
"shrimp farms in Gard, Occitanie",Occitanie
"shrimp farms in Gers, Occitanie",Occitanie
"shrimp farms in Haute-Garonne, Occitanie",Occitanie
"shrimp farms in Hautes-Pyrénées, Occitanie",Occitanie
"shrimp farms in Hérault, Occitanie",Occitanie
"shrimp farms in Lot, Occitanie",Occitanie
"shrimp farms in Lozère, Occitanie",Occitanie
"shrimp farms in Pyrénées-Orientales, Occitanie",Occitanie
"shrimp farms in Tarn, Occitanie",Occitanie
"shrimp farms in Tarn-et-Garonne, Occitanie",Occitanie
"seafood farms in Ariège, Occitanie",Occitanie
"seafood farms in Aude, Occitanie",Occitanie
"seafood farms in Aveyron, Occitanie",Occitanie
"seafood farms in Gard, Occitanie",Occitanie
"seafood farms in Gers, Occitanie",Occitanie
"seafood farms in Haute-Garonne, Occitanie",Occitanie
"seafood farms in Hautes-Pyrénées, Occitanie",Occitanie
"seafood farms in Hérault, Occitanie",Occitanie
"seafood farms in Lot, Occitanie",Occitanie
"seafood farms in Lozère, Occitanie",Occitanie
"seafood farms in Pyrénées-Orientales, Occitanie",Occitanie
"seafood farms in Tarn, Occitanie",Occitanie
"seafood farms in Tarn-et-Garonne, Occitanie",Occitanie
"beef farms in Ariège, Occitanie",Occitanie
"beef farms in Aude, Occitanie",Occitanie
"beef farms in Aveyron, Occitanie",Occitanie
"beef farms in Gard, Occitanie",Occitanie
"beef farms in Gers, Occitanie",Occitanie
"beef farms in Haute-Garonne, Occitanie",Occitanie
"beef farms in Hautes-Pyrénées, Occitanie",Occitanie
"beef farms in Hérault, Occitanie",Occitanie
"beef farms in Lot, Occitanie",Occitanie
"beef farms in Lozère, Occitanie",Occitanie
"beef farms in Pyrénées-Orientales, Occitanie",Occitanie
"beef farms in Tarn, Occitanie",Occitanie
"beef farms in Tarn-et-Garonne, Occitanie",Occitanie
"meat producer in Ariège, Occitanie",Occitanie
"meat producer in Aude, Occitanie",Occitanie
"meat producer in Aveyron, Occitanie",Occitanie
"meat producer in Gard, Occitanie",Occitanie
"meat producer in Gers, Occitanie",Occitanie
"meat producer in Haute-Garonne, Occitanie",Occitanie
"meat producer in Hautes-Pyrénées, Occitanie",Occitanie
"meat producer in Hérault, Occitanie",Occitanie
"meat producer in Lot, Occitanie",Occitanie
"meat producer in Lozère, Occitanie",Occitanie
"meat producer in Pyrénées-Orientales, Occitanie",Occitanie
"meat producer in Tarn, Occitanie",Occitanie
"meat producer in Tarn-et-Garonne, Occitanie",Occitanie
"dairy farms in Loire-Atlantique, Pays de la Loire",Pays de la Loire
"dairy farms in Maine-et-Loire, Pays de la Loire",Pays de la Loire
"dairy farms in Mayenne, Pays de la Loire",Pays de la Loire
"dairy farms in Sarthe, Pays de la Loire",Pays de la Loire
"dairy farms in Vendée, Pays de la Loire",Pays de la Loire
"poultry farms in Loire-Atlantique, Pays de la Loire",Pays de la Loire
"poultry farms in Maine-et-Loire, Pays de la Loire",Pays de la Loire
"poultry farms in Mayenne, Pays de la Loire",Pays de la Loire
"poultry farms in Sarthe, Pays de la Loire",Pays de la Loire
"poultry farms in Vendée, Pays de la Loire",Pays de la Loire
"cattle farms in Loire-Atlantique, Pays de la Loire",Pays de la Loire
"cattle farms in Maine-et-Loire, Pays de la Loire",Pays de la Loire
"cattle farms in Mayenne, Pays de la Loire",Pays de la Loire
"cattle farms in Sarthe, Pays de la Loire",Pays de la Loire
"cattle farms in Vendée, Pays de la Loire",Pays de la Loire
"livestock farms in Loire-Atlantique, Pays de la Loire",Pays de la Loire
"livestock farms in Maine-et-Loire, Pays de la Loire",Pays de la Loire
"livestock farms in Mayenne, Pays de la Loire",Pays de la Loire
"livestock farms in Sarthe, Pays de la Loire",Pays de la Loire
"livestock farms in Vendée, Pays de la Loire",Pays de la Loire
"pig farms in Loire-Atlantique, Pays de la Loire",Pays de la Loire
"pig farms in Maine-et-Loire, Pays de la Loire",Pays de la Loire
"pig farms in Mayenne, Pays de la Loire",Pays de la Loire
"pig farms in Sarthe, Pays de la Loire",Pays de la Loire
"pig farms in Vendée, Pays de la Loire",Pays de la Loire
"fish farms in Loire-Atlantique, Pays de la Loire",Pays de la Loire
"fish farms in Maine-et-Loire, Pays de la Loire",Pays de la Loire
"fish farms in Mayenne, Pays de la Loire",Pays de la Loire
"fish farms in Sarthe, Pays de la Loire",Pays de la Loire
"fish farms in Vendée, Pays de la Loire",Pays de la Loire
"aquaculture farms in Loire-Atlantique, Pays de la Loire",Pays de la Loire
"aquaculture farms in Maine-et-Loire, Pays de la Loire",Pays de la Loire
"aquaculture farms in Mayenne, Pays de la Loire",Pays de la Loire
"aquaculture farms in Sarthe, Pays de la Loire",Pays de la Loire
"aquaculture farms in Vendée, Pays de la Loire",Pays de la Loire
"egg farmers in Loire-Atlantique, Pays de la Loire",Pays de la Loire
"egg farmers in Maine-et-Loire, Pays de la Loire",Pays de la Loire
"egg farmers in Mayenne, Pays de la Loire",Pays de la Loire
"egg farmers in Sarthe, Pays de la Loire",Pays de la Loire
"egg farmers in Vendée, Pays de la Loire",Pays de la Loire
"chicken hatchery in Loire-Atlantique, Pays de la Loire",Pays de la Loire
"chicken hatchery in Maine-et-Loire, Pays de la Loire",Pays de la Loire
"chicken hatchery in Mayenne, Pays de la Loire",Pays de la Loire
"chicken hatchery in Sarthe, Pays de la Loire",Pays de la Loire
"chicken hatchery in Vendée, Pays de la Loire",Pays de la Loire
"shrimp farms in Loire-Atlantique, Pays de la Loire",Pays de la Loire
"shrimp farms in Maine-et-Loire, Pays de la Loire",Pays de la Loire
"shrimp farms in Mayenne, Pays de la Loire",Pays de la Loire
"shrimp farms in Sarthe, Pays de la Loire",Pays de la Loire
"shrimp farms in Vendée, Pays de la Loire",Pays de la Loire
"seafood farms in Loire-Atlantique, Pays de la Loire",Pays de la Loire
"seafood farms in Maine-et-Loire, Pays de la Loire",Pays de la Loire
"seafood farms in Mayenne, Pays de la Loire",Pays de la Loire
"seafood farms in Sarthe, Pays de la Loire",Pays de la Loire
"seafood farms in Vendée, Pays de la Loire",Pays de la Loire
"beef farms in Loire-Atlantique, Pays de la Loire",Pays de la Loire
"beef farms in Maine-et-Loire, Pays de la Loire",Pays de la Loire
"beef farms in Mayenne, Pays de la Loire",Pays de la Loire
"beef farms in Sarthe, Pays de la Loire",Pays de la Loire
"beef farms in Vendée, Pays de la Loire",Pays de la Loire
"meat producer in Loire-Atlantique, Pays de la Loire",Pays de la Loire
"meat producer in Maine-et-Loire, Pays de la Loire",Pays de la Loire
"meat producer in Mayenne, Pays de la Loire",Pays de la Loire
"meat producer in Sarthe, Pays de la Loire",Pays de la Loire
"meat producer in Vendée, Pays de la Loire",Pays de la Loire
"dairy farms in Alpes-de-Haute-Provence, Provence-Alpes-Côte d'Azur",Provence-Alpes-Côte d'Azur
"dairy farms in Alpes-Maritimes, Provence-Alpes-Côte d'Azur",Provence-Alpes-Côte d'Azur
"dairy farms in Bouches-du-Rhône, Provence-Alpes-Côte d'Azur",Provence-Alpes-Côte d'Azur
"dairy farms in Hautes-Alpes, Provence-Alpes-Côte d'Azur",Provence-Alpes-Côte d'Azur
"dairy farms in Var, Provence-Alpes-Côte d'Azur",Provence-Alpes-Côte d'Azur
"dairy farms in Vaucluse, Provence-Alpes-Côte d'Azur",Provence-Alpes-Côte d'Azur
"poultry farms in Alpes-de-Haute-Provence, Provence-Alpes-Côte d'Azur",Provence-Alpes-Côte d'Azur
"poultry farms in Alpes-Maritimes, Provence-Alpes-Côte d'Azur",Provence-Alpes-Côte d'Azur
"poultry farms in Bouches-du-Rhône, Provence-Alpes-Côte d'Azur",Provence-Alpes-Côte d'Azur
"poultry farms in Hautes-Alpes, Provence-Alpes-Côte d'Azur",Provence-Alpes-Côte d'Azur
"poultry farms in Var, Provence-Alpes-Côte d'Azur",Provence-Alpes-Côte d'Azur
"poultry farms in Vaucluse, Provence-Alpes-Côte d'Azur",Provence-Alpes-Côte d'Azur
"cattle farms in Alpes-de-Haute-Provence, Provence-Alpes-Côte d'Azur",Provence-Alpes-Côte d'Azur
"cattle farms in Alpes-Maritimes, Provence-Alpes-Côte d'Azur",Provence-Alpes-Côte d'Azur
"cattle farms in Bouches-du-Rhône, Provence-Alpes-Côte d'Azur",Provence-Alpes-Côte d'Azur
"cattle farms in Hautes-Alpes, Provence-Alpes-Côte d'Azur",Provence-Alpes-Côte d'Azur
"cattle farms in Var, Provence-Alpes-Côte d'Azur",Provence-Alpes-Côte d'Azur
"cattle farms in Vaucluse, Provence-Alpes-Côte d'Azur",Provence-Alpes-Côte d'Azur
"livestock farms in Alpes-de-Haute-Provence, Provence-Alpes-Côte d'Azur",Provence-Alpes-Côte d'Azur
"livestock farms in Alpes-Maritimes, Provence-Alpes-Côte d'Azur",Provence-Alpes-Côte d'Azur
"livestock farms in Bouches-du-Rhône, Provence-Alpes-Côte d'Azur",Provence-Alpes-Côte d'Azur
"livestock farms in Hautes-Alpes, Provence-Alpes-Côte d'Azur",Provence-Alpes-Côte d'Azur
"livestock farms in Var, Provence-Alpes-Côte d'Azur",Provence-Alpes-Côte d'Azur
"livestock farms in Vaucluse, Provence-Alpes-Côte d'Azur",Provence-Alpes-Côte d'Azur
"pig farms in Alpes-de-Haute-Provence, Provence-Alpes-Côte d'Azur",Provence-Alpes-Côte d'Azur
"pig farms in Alpes-Maritimes, Provence-Alpes-Côte d'Azur",Provence-Alpes-Côte d'Azur
"pig farms in Bouches-du-Rhône, Provence-Alpes-Côte d'Azur",Provence-Alpes-Côte d'Azur
"pig farms in Hautes-Alpes, Provence-Alpes-Côte d'Azur",Provence-Alpes-Côte d'Azur
"pig farms in Var, Provence-Alpes-Côte d'Azur",Provence-Alpes-Côte d'Azur
"pig farms in Vaucluse, Provence-Alpes-Côte d'Azur",Provence-Alpes-Côte d'Azur
"fish farms in Alpes-de-Haute-Provence, Provence-Alpes-Côte d'Azur",Provence-Alpes-Côte d'Azur
"fish farms in Alpes-Maritimes, Provence-Alpes-Côte d'Azur",Provence-Alpes-Côte d'Azur
"fish farms in Bouches-du-Rhône, Provence-Alpes-Côte d'Azur",Provence-Alpes-Côte d'Azur
"fish farms in Hautes-Alpes, Provence-Alpes-Côte d'Azur",Provence-Alpes-Côte d'Azur
"fish farms in Var, Provence-Alpes-Côte d'Azur",Provence-Alpes-Côte d'Azur
"fish farms in Vaucluse, Provence-Alpes-Côte d'Azur",Provence-Alpes-Côte d'Azur
"aquaculture farms in Alpes-de-Haute-Provence, Provence-Alpes-Côte d'Azur",Provence-Alpes-Côte d'Azur
"aquaculture farms in Alpes-Maritimes, Provence-Alpes-Côte d'Azur",Provence-Alpes-Côte d'Azur
"aquaculture farms in Bouches-du-Rhône, Provence-Alpes-Côte d'Azur",Provence-Alpes-Côte d'Azur
"aquaculture farms in Hautes-Alpes, Provence-Alpes-Côte d'Azur",Provence-Alpes-Côte d'Azur
"aquaculture farms in Var, Provence-Alpes-Côte d'Azur",Provence-Alpes-Côte d'Azur
"aquaculture farms in Vaucluse, Provence-Alpes-Côte d'Azur",Provence-Alpes-Côte d'Azur
"egg farmers in Alpes-de-Haute-Provence, Provence-Alpes-Côte d'Azur",Provence-Alpes-Côte d'Azur
"egg farmers in Alpes-Maritimes, Provence-Alpes-Côte d'Azur",Provence-Alpes-Côte d'Azur
"egg farmers in Bouches-du-Rhône, Provence-Alpes-Côte d'Azur",Provence-Alpes-Côte d'Azur
"egg farmers in Hautes-Alpes, Provence-Alpes-Côte d'Azur",Provence-Alpes-Côte d'Azur
"egg farmers in Var, Provence-Alpes-Côte d'Azur",Provence-Alpes-Côte d'Azur
"egg farmers in Vaucluse, Provence-Alpes-Côte d'Azur",Provence-Alpes-Côte d'Azur
"chicken hatchery in Alpes-de-Haute-Provence, Provence-Alpes-Côte d'Azur",Provence-Alpes-Côte d'Azur
"chicken hatchery in Alpes-Maritimes, Provence-Alpes-Côte d'Azur",Provence-Alpes-Côte d'Azur
"chicken hatchery in Bouches-du-Rhône, Provence-Alpes-Côte d'Azur",Provence-Alpes-Côte d'Azur
"chicken hatchery in Hautes-Alpes, Provence-Alpes-Côte d'Azur",Provence-Alpes-Côte d'Azur
"chicken hatchery in Var, Provence-Alpes-Côte d'Azur",Provence-Alpes-Côte d'Azur
"chicken hatchery in Vaucluse, Provence-Alpes-Côte d'Azur",Provence-Alpes-Côte d'Azur
"shrimp farms in Alpes-de-Haute-Provence, Provence-Alpes-Côte d'Azur",Provence-Alpes-Côte d'Azur
"shrimp farms in Alpes-Maritimes, Provence-Alpes-Côte d'Azur",Provence-Alpes-Côte d'Azur
"shrimp farms in Bouches-du-Rhône, Provence-Alpes-Côte d'Azur",Provence-Alpes-Côte d'Azur
"shrimp farms in Hautes-Alpes, Provence-Alpes-Côte d'Azur",Provence-Alpes-Côte d'Azur
"shrimp farms in Var, Provence-Alpes-Côte d'Azur",Provence-Alpes-Côte d'Azur
"shrimp farms in Vaucluse, Provence-Alpes-Côte d'Azur",Provence-Alpes-Côte d'Azur
"seafood farms in Alpes-de-Haute-Provence, Provence-Alpes-Côte d'Azur",Provence-Alpes-Côte d'Azur
"seafood farms in Alpes-Maritimes, Provence-Alpes-Côte d'Azur",Provence-Alpes-Côte d'Azur
"seafood farms in Bouches-du-Rhône, Provence-Alpes-Côte d'Azur",Provence-Alpes-Côte d'Azur
"seafood farms in Hautes-Alpes, Provence-Alpes-Côte d'Azur",Provence-Alpes-Côte d'Azur
"seafood farms in Var, Provence-Alpes-Côte d'Azur",Provence-Alpes-Côte d'Azur
"seafood farms in Vaucluse, Provence-Alpes-Côte d'Azur",Provence-Alpes-Côte d'Azur
"beef farms in Alpes-de-Haute-Provence, Provence-Alpes-Côte d'Azur",Provence-Alpes-Côte d'Azur
"beef farms in Alpes-Maritimes, Provence-Alpes-Côte d'Azur",Provence-Alpes-Côte d'Azur
"beef farms in Bouches-du-Rhône, Provence-Alpes-Côte d'Azur",Provence-Alpes-Côte d'Azur
"beef farms in Hautes-Alpes, Provence-Alpes-Côte d'Azur",Provence-Alpes-Côte d'Azur
"beef farms in Var, Provence-Alpes-Côte d'Azur",Provence-Alpes-Côte d'Azur
"beef farms in Vaucluse, Provence-Alpes-Côte d'Azur",Provence-Alpes-Côte d'Azur
"meat producer in Alpes-de-Haute-Provence, Provence-Alpes-Côte d'Azur",Provence-Alpes-Côte d'Azur
"meat producer in Alpes-Maritimes, Provence-Alpes-Côte d'Azur",Provence-Alpes-Côte d'Azur
"meat producer in Bouches-du-Rhône, Provence-Alpes-Côte d'Azur",Provence-Alpes-Côte d'Azur
"meat producer in Hautes-Alpes, Provence-Alpes-Côte d'Azur",Provence-Alpes-Côte d'Azur
"meat producer in Var, Provence-Alpes-Côte d'Azur",Provence-Alpes-Côte d'Azur
"meat producer in Vaucluse, Provence-Alpes-Côte d'Azur",Provence-Alpes-Côte d'Azur
"dairy farms in Essonne, Île-de-France",Île-de-France
"dairy farms in Hauts-de-Seine, Île-de-France",Île-de-France
"dairy farms in Paris, Île-de-France",Île-de-France
"dairy farms in Seine-et-Marne, Île-de-France",Île-de-France
"dairy farms in Seine-Saint-Denis, Île-de-France",Île-de-France
"dairy farms in Val-d'Oise, Île-de-France",Île-de-France
"dairy farms in Val-de-Marne, Île-de-France",Île-de-France
"dairy farms in Yvelines, Île-de-France",Île-de-France
"poultry farms in Essonne, Île-de-France",Île-de-France
"poultry farms in Hauts-de-Seine, Île-de-France",Île-de-France
"poultry farms in Paris, Île-de-France",Île-de-France
"poultry farms in Seine-et-Marne, Île-de-France",Île-de-France
"poultry farms in Seine-Saint-Denis, Île-de-France",Île-de-France
"poultry farms in Val-d'Oise, Île-de-France",Île-de-France
"poultry farms in Val-de-Marne, Île-de-France",Île-de-France
"poultry farms in Yvelines, Île-de-France",Île-de-France
"cattle farms in Essonne, Île-de-France",Île-de-France
"cattle farms in Hauts-de-Seine, Île-de-France",Île-de-France
"cattle farms in Paris, Île-de-France",Île-de-France
"cattle farms in Seine-et-Marne, Île-de-France",Île-de-France
"cattle farms in Seine-Saint-Denis, Île-de-France",Île-de-France
"cattle farms in Val-d'Oise, Île-de-France",Île-de-France
"cattle farms in Val-de-Marne, Île-de-France",Île-de-France
"cattle farms in Yvelines, Île-de-France",Île-de-France
"livestock farms in Essonne, Île-de-France",Île-de-France
"livestock farms in Hauts-de-Seine, Île-de-France",Île-de-France
"livestock farms in Paris, Île-de-France",Île-de-France
"livestock farms in Seine-et-Marne, Île-de-France",Île-de-France
"livestock farms in Seine-Saint-Denis, Île-de-France",Île-de-France
"livestock farms in Val-d'Oise, Île-de-France",Île-de-France
"livestock farms in Val-de-Marne, Île-de-France",Île-de-France
"livestock farms in Yvelines, Île-de-France",Île-de-France
"pig farms in Essonne, Île-de-France",Île-de-France
"pig farms in Hauts-de-Seine, Île-de-France",Île-de-France
"pig farms in Paris, Île-de-France",Île-de-France
"pig farms in Seine-et-Marne, Île-de-France",Île-de-France
"pig farms in Seine-Saint-Denis, Île-de-France",Île-de-France
"pig farms in Val-d'Oise, Île-de-France",Île-de-France
"pig farms in Val-de-Marne, Île-de-France",Île-de-France
"pig farms in Yvelines, Île-de-France",Île-de-France
"fish farms in Essonne, Île-de-France",Île-de-France
"fish farms in Hauts-de-Seine, Île-de-France",Île-de-France
"fish farms in Paris, Île-de-France",Île-de-France
"fish farms in Seine-et-Marne, Île-de-France",Île-de-France
"fish farms in Seine-Saint-Denis, Île-de-France",Île-de-France
"fish farms in Val-d'Oise, Île-de-France",Île-de-France
"fish farms in Val-de-Marne, Île-de-France",Île-de-France
"fish farms in Yvelines, Île-de-France",Île-de-France
"aquaculture farms in Essonne, Île-de-France",Île-de-France
"aquaculture farms in Hauts-de-Seine, Île-de-France",Île-de-France
"aquaculture farms in Paris, Île-de-France",Île-de-France
"aquaculture farms in Seine-et-Marne, Île-de-France",Île-de-France
"aquaculture farms in Seine-Saint-Denis, Île-de-France",Île-de-France
"aquaculture farms in Val-d'Oise, Île-de-France",Île-de-France
"aquaculture farms in Val-de-Marne, Île-de-France",Île-de-France
"aquaculture farms in Yvelines, Île-de-France",Île-de-France
"egg farmers in Essonne, Île-de-France",Île-de-France
"egg farmers in Hauts-de-Seine, Île-de-France",Île-de-France
"egg farmers in Paris, Île-de-France",Île-de-France
"egg farmers in Seine-et-Marne, Île-de-France",Île-de-France
"egg farmers in Seine-Saint-Denis, Île-de-France",Île-de-France
"egg farmers in Val-d'Oise, Île-de-France",Île-de-France
"egg farmers in Val-de-Marne, Île-de-France",Île-de-France
"egg farmers in Yvelines, Île-de-France",Île-de-France
"chicken hatchery in Essonne, Île-de-France",Île-de-France
"chicken hatchery in Hauts-de-Seine, Île-de-France",Île-de-France
"chicken hatchery in Paris, Île-de-France",Île-de-France
"chicken hatchery in Seine-et-Marne, Île-de-France",Île-de-France
"chicken hatchery in Seine-Saint-Denis, Île-de-France",Île-de-France
"chicken hatchery in Val-d'Oise, Île-de-France",Île-de-France
"chicken hatchery in Val-de-Marne, Île-de-France",Île-de-France
"chicken hatchery in Yvelines, Île-de-France",Île-de-France
"shrimp farms in Essonne, Île-de-France",Île-de-France
"shrimp farms in Hauts-de-Seine, Île-de-France",Île-de-France
"shrimp farms in Paris, Île-de-France",Île-de-France
"shrimp farms in Seine-et-Marne, Île-de-France",Île-de-France
"shrimp farms in Seine-Saint-Denis, Île-de-France",Île-de-France
"shrimp farms in Val-d'Oise, Île-de-France",Île-de-France
"shrimp farms in Val-de-Marne, Île-de-France",Île-de-France
"shrimp farms in Yvelines, Île-de-France",Île-de-France
"seafood farms in Essonne, Île-de-France",Île-de-France
"seafood farms in Hauts-de-Seine, Île-de-France",Île-de-France
"seafood farms in Paris, Île-de-France",Île-de-France
"seafood farms in Seine-et-Marne, Île-de-France",Île-de-France
"seafood farms in Seine-Saint-Denis, Île-de-France",Île-de-France
"seafood farms in Val-d'Oise, Île-de-France",Île-de-France
"seafood farms in Val-de-Marne, Île-de-France",Île-de-France
"seafood farms in Yvelines, Île-de-France",Île-de-France
"beef farms in Essonne, Île-de-France",Île-de-France
"beef farms in Hauts-de-Seine, Île-de-France",Île-de-France
"beef farms in Paris, Île-de-France",Île-de-France
"beef farms in Seine-et-Marne, Île-de-France",Île-de-France
"beef farms in Seine-Saint-Denis, Île-de-France",Île-de-France
"beef farms in Val-d'Oise, Île-de-France",Île-de-France
"beef farms in Val-de-Marne, Île-de-France",Île-de-France
"beef farms in Yvelines, Île-de-France",Île-de-France
"meat producer in Essonne, Île-de-France",Île-de-France
"meat producer in Hauts-de-Seine, Île-de-France",Île-de-France
"meat producer in Paris, Île-de-France",Île-de-France
"meat producer in Seine-et-Marne, Île-de-France",Île-de-France
"meat producer in Seine-Saint-Denis, Île-de-France",Île-de-France
"meat producer in Val-d'Oise, Île-de-France",Île-de-France
"meat producer in Val-de-Marne, Île-de-France",Île-de-France
"meat producer in Yvelines, Île-de-France",Île-de-France
